{
  "config": {
    "run_name": "exp1_1_K64_L2",
    "out_dir": "./results",
    "seed": 348048569,
    "bs_train": 32,
    "bs_test": 8,
    "batches": 100,
    "epochs": 100,
    "early_stopping": 3,
    "checkpoints": null,
    "lr": 1e-05,
    "reg": 0.001,
    "filters_per_layer": [
      64
    ],
    "layers_per_block": 2,
    "pool_every": 2,
    "hidden_dims": [
      256
    ],
    "ycn": false,
    "kw": {}
  },
  "results": {
    "num_epochs": 0,
    "train_loss": [
      2.16646671295166,
      1.9185867309570312,
      1.8071402311325073,
      1.7332545518875122,
      1.6823334693908691,
      1.637635350227356,
      1.603722333908081,
      1.572198510169983,
      1.5444738864898682,
      1.5197148323059082,
      1.498035192489624,
      1.4783436059951782,
      1.4596143960952759,
      1.4428730010986328,
      1.4259928464889526,
      1.4115078449249268,
      1.3965953588485718,
      1.3840105533599854,
      1.3690216541290283,
      1.3553096055984497,
      1.3432639837265015,
      1.3307716846466064,
      1.3195559978485107,
      1.3057785034179688,
      1.2969645261764526,
      1.2835237979888916,
      1.2732977867126465,
      1.2602037191390991,
      1.250964879989624,
      1.238590121269226,
      1.2272671461105347,
      1.217647910118103,
      1.2090314626693726,
      1.1990690231323242,
      1.188714861869812,
      1.1792107820510864,
      1.170760989189148,
      1.1624424457550049,
      1.1534795761108398,
      1.146644949913025,
      1.1375174522399902,
      1.1287169456481934,
      1.1201385259628296,
      1.1100585460662842,
      1.1066282987594604,
      1.0968477725982666,
      1.09128737449646,
      1.0821338891983032,
      1.0743144750595093,
      1.0677052736282349,
      1.0611916780471802,
      1.0559459924697876,
      1.0476915836334229,
      1.0401924848556519,
      1.0330076217651367,
      1.0268590450286865,
      1.0185455083847046,
      1.0133367776870728,
      1.0062205791473389,
      1.0004761219024658,
      0.9931110739707947,
      0.98690265417099,
      0.9816439747810364,
      0.9749600887298584,
      0.9692607522010803,
      0.9623270034790039,
      0.9571636319160461,
      0.9495716691017151,
      0.9448534846305847,
      0.937713623046875,
      0.9319620728492737,
      0.9260918498039246,
      0.9207013845443726,
      0.9154313206672668,
      0.9094573259353638,
      0.9036024212837219,
      0.90032559633255,
      0.8931710720062256,
      0.8847180604934692,
      0.8806445002555847,
      0.8732029795646667,
      0.8689110279083252,
      0.8638294339179993,
      0.8585436940193176,
      0.8543765544891357,
      0.848147451877594,
      0.8392443656921387,
      0.8358359336853027,
      0.8292238116264343,
      0.8249740600585938,
      0.8208265900611877,
      0.8131083250045776,
      0.8065546154975891,
      0.8032451868057251,
      0.7982017397880554,
      0.7914493680000305,
      0.7893020510673523,
      0.7832800149917603,
      0.775673508644104,
      0.7715060114860535
    ],
    "train_acc": [
      23,
      34,
      37,
      40,
      41,
      43,
      44,
      45,
      46,
      47,
      48,
      48,
      49,
      50,
      50,
      51,
      51,
      51,
      52,
      53,
      53,
      53,
      54,
      54,
      54,
      55,
      55,
      56,
      56,
      57,
      57,
      57,
      58,
      58,
      58,
      59,
      59,
      59,
      60,
      60,
      60,
      60,
      61,
      62,
      61,
      62,
      62,
      62,
      62,
      63,
      63,
      63,
      63,
      64,
      64,
      64,
      65,
      65,
      65,
      65,
      65,
      66,
      66,
      66,
      66,
      67,
      67,
      67,
      67,
      68,
      68,
      68,
      68,
      69,
      69,
      69,
      69,
      69,
      70,
      70,
      70,
      70,
      71,
      70,
      71,
      71,
      71,
      72,
      72,
      72,
      72,
      73,
      73,
      73,
      73,
      73,
      73,
      73,
      74,
      74
    ],
    "test_loss": [
      2.0160117149353027,
      1.8660250902175903,
      1.7785017490386963,
      1.7421529293060303,
      1.678054690361023,
      1.6440422534942627,
      1.617700219154358,
      1.5945571660995483,
      1.574849247932434,
      1.5576592683792114,
      1.541895866394043,
      1.515729308128357,
      1.5050369501113892,
      1.4950239658355713,
      1.484419584274292,
      1.4695101976394653,
      1.459750771522522,
      1.4572407007217407,
      1.4530025720596313,
      1.4340195655822754,
      1.4230071306228638,
      1.41486394405365,
      1.4093328714370728,
      1.399387001991272,
      1.3980557918548584,
      1.3820862770080566,
      1.3816590309143066,
      1.3742159605026245,
      1.3689420223236084,
      1.3612133264541626,
      1.3547800779342651,
      1.345107913017273,
      1.3347997665405273,
      1.3338685035705566,
      1.3311114311218262,
      1.3265961408615112,
      1.3226730823516846,
      1.316321849822998,
      1.3101553916931152,
      1.3170188665390015,
      1.3062654733657837,
      1.3123160600662231,
      1.2943897247314453,
      1.2966889142990112,
      1.2835739850997925,
      1.2863107919692993,
      1.272011160850525,
      1.2846421003341675,
      1.283068060874939,
      1.275806188583374,
      1.272545576095581,
      1.2667311429977417,
      1.279001235961914,
      1.2547115087509155,
      1.2653673887252808,
      1.2580779790878296,
      1.254007339477539,
      1.2604948282241821,
      1.253383994102478,
      1.252315640449524,
      1.258622169494629,
      1.2389450073242188,
      1.239555835723877,
      1.2433536052703857,
      1.2415021657943726,
      1.2474088668823242,
      1.243054747581482,
      1.2251166105270386,
      1.2268528938293457,
      1.235850214958191,
      1.2298965454101562,
      1.223888635635376,
      1.236311912536621,
      1.233534574508667,
      1.2209819555282593,
      1.224352478981018,
      1.2415419816970825,
      1.227948784828186,
      1.224596381187439,
      1.2191829681396484,
      1.2211586236953735,
      1.2293071746826172,
      1.2171696424484253,
      1.2364869117736816,
      1.2315733432769775,
      1.214145302772522,
      1.2150084972381592,
      1.223415732383728,
      1.2102291584014893,
      1.2113429307937622,
      1.2088292837142944,
      1.2221674919128418,
      1.2103333473205566,
      1.2244969606399536,
      1.2102763652801514,
      1.2144955396652222,
      1.2074633836746216,
      1.2241796255111694,
      1.224101185798645,
      1.214012622833252
    ],
    "test_acc": [
      32,
      36,
      39,
      39,
      41,
      42,
      43,
      43,
      43,
      45,
      44,
      46,
      46,
      46,
      47,
      47,
      48,
      48,
      48,
      49,
      49,
      50,
      49,
      50,
      49,
      49,
      50,
      50,
      50,
      50,
      51,
      51,
      52,
      52,
      52,
      52,
      52,
      52,
      52,
      52,
      52,
      52,
      53,
      53,
      53,
      54,
      53,
      53,
      54,
      54,
      53,
      54,
      54,
      54,
      53,
      54,
      53,
      53,
      54,
      54,
      54,
      55,
      55,
      55,
      55,
      55,
      55,
      56,
      55,
      55,
      55,
      55,
      55,
      55,
      56,
      56,
      55,
      56,
      56,
      56,
      56,
      56,
      56,
      56,
      55,
      56,
      56,
      56,
      57,
      56,
      56,
      56,
      57,
      57,
      57,
      57,
      57,
      56,
      57,
      56
    ]
  }
}