{
  "config": {
    "run_name": "exp1_2_L4_K32",
    "out_dir": "./results",
    "seed": 54207980,
    "bs_train": 32,
    "bs_test": 8,
    "batches": 100,
    "epochs": 100,
    "early_stopping": 3,
    "checkpoints": null,
    "lr": 1e-05,
    "reg": 0.001,
    "filters_per_layer": [
      32
    ],
    "layers_per_block": 4,
    "pool_every": 2,
    "hidden_dims": [
      256
    ],
    "ycn": false,
    "kw": {}
  },
  "results": {
    "num_epochs": 0,
    "train_loss": [
      2.300487995147705,
      2.229609727859497,
      2.029670238494873,
      1.9754470586776733,
      1.9561312198638916,
      1.9402220249176025,
      1.9260107278823853,
      1.9109784364700317,
      1.8951220512390137,
      1.8796690702438354,
      1.8642903566360474,
      1.847007155418396,
      1.8312958478927612,
      1.8141331672668457,
      1.7969633340835571,
      1.7826428413391113,
      1.7667567729949951,
      1.7512164115905762,
      1.7367967367172241,
      1.7217848300933838,
      1.7085051536560059,
      1.6959612369537354,
      1.6807851791381836,
      1.6670260429382324,
      1.6537708044052124,
      1.6426302194595337,
      1.630578637123108,
      1.6191741228103638,
      1.6096057891845703,
      1.599200963973999,
      1.5911179780960083,
      1.5815041065216064,
      1.5734776258468628,
      1.567378044128418,
      1.5581170320510864,
      1.5508673191070557,
      1.5435130596160889,
      1.5377107858657837,
      1.5318622589111328,
      1.524659276008606,
      1.5195637941360474,
      1.511184573173523,
      1.5040556192398071,
      1.498843789100647,
      1.4934531450271606,
      1.488068699836731,
      1.481751561164856,
      1.4782592058181763,
      1.4725189208984375,
      1.4655654430389404,
      1.4593346118927002,
      1.4557628631591797,
      1.4508411884307861,
      1.4443906545639038,
      1.4404590129852295,
      1.4342031478881836,
      1.4302653074264526,
      1.42606782913208,
      1.4211819171905518,
      1.418089509010315,
      1.4118016958236694,
      1.4076735973358154,
      1.4045950174331665,
      1.3993312120437622,
      1.3942815065383911,
      1.3905541896820068,
      1.3886796236038208,
      1.3807958364486694,
      1.381030559539795,
      1.3751511573791504,
      1.3709806203842163,
      1.3675448894500732,
      1.3643044233322144,
      1.359772801399231,
      1.3562946319580078,
      1.3530511856079102,
      1.3485171794891357,
      1.346597671508789,
      1.3420498371124268,
      1.3399658203125,
      1.3336185216903687,
      1.3289555311203003,
      1.3288992643356323,
      1.3235284090042114,
      1.3234848976135254,
      1.318281650543213,
      1.3126798868179321,
      1.3102346658706665,
      1.3075251579284668,
      1.3069798946380615,
      1.3028137683868408,
      1.2971909046173096,
      1.2978603839874268,
      1.290354609489441,
      1.289764165878296,
      1.2840102910995483,
      1.2831047773361206,
      1.2779449224472046,
      1.2743489742279053,
      1.2733581066131592
    ],
    "train_acc": [
      10,
      18,
      26,
      28,
      29,
      30,
      30,
      31,
      31,
      32,
      33,
      34,
      35,
      35,
      36,
      37,
      37,
      38,
      38,
      39,
      39,
      40,
      41,
      41,
      42,
      42,
      42,
      43,
      43,
      44,
      44,
      44,
      45,
      45,
      45,
      45,
      45,
      46,
      46,
      46,
      47,
      47,
      47,
      47,
      47,
      47,
      48,
      47,
      47,
      48,
      48,
      48,
      49,
      49,
      49,
      49,
      50,
      49,
      49,
      50,
      50,
      50,
      50,
      50,
      50,
      51,
      50,
      51,
      51,
      51,
      51,
      51,
      51,
      51,
      51,
      52,
      52,
      52,
      52,
      52,
      52,
      52,
      53,
      53,
      53,
      53,
      53,
      53,
      53,
      53,
      53,
      53,
      53,
      54,
      54,
      54,
      54,
      54,
      54,
      54
    ],
    "test_loss": [
      2.291483163833618,
      2.1189064979553223,
      1.9871313571929932,
      1.9699532985687256,
      1.9495476484298706,
      1.9344593286514282,
      1.9248154163360596,
      1.9061213731765747,
      1.8910502195358276,
      1.875746250152588,
      1.8606196641921997,
      1.8440114259719849,
      1.8288524150848389,
      1.8141870498657227,
      1.8034757375717163,
      1.7845888137817383,
      1.7673953771591187,
      1.7564783096313477,
      1.742624044418335,
      1.7266511917114258,
      1.712220549583435,
      1.700942873954773,
      1.689548373222351,
      1.6760369539260864,
      1.6634739637374878,
      1.6565568447113037,
      1.6501891613006592,
      1.6327872276306152,
      1.6347874402999878,
      1.6165621280670166,
      1.611895203590393,
      1.6071487665176392,
      1.601771593093872,
      1.5904430150985718,
      1.58255934715271,
      1.584810733795166,
      1.5759986639022827,
      1.5699909925460815,
      1.564052700996399,
      1.5514822006225586,
      1.5532212257385254,
      1.545362114906311,
      1.5429000854492188,
      1.5323349237442017,
      1.527718424797058,
      1.5247828960418701,
      1.5291885137557983,
      1.5167125463485718,
      1.5105417966842651,
      1.5061765909194946,
      1.5113602876663208,
      1.5081804990768433,
      1.4944276809692383,
      1.4952527284622192,
      1.488749623298645,
      1.4871805906295776,
      1.4840997457504272,
      1.4793121814727783,
      1.4767011404037476,
      1.4931572675704956,
      1.478516697883606,
      1.4740054607391357,
      1.4614274501800537,
      1.473129391670227,
      1.46092689037323,
      1.461053490638733,
      1.4510818719863892,
      1.4663327932357788,
      1.4430532455444336,
      1.4476377964019775,
      1.4485751390457153,
      1.442368745803833,
      1.4347922801971436,
      1.4341087341308594,
      1.4429714679718018,
      1.4405651092529297,
      1.4392766952514648,
      1.4385253190994263,
      1.4217593669891357,
      1.4262330532073975,
      1.4134713411331177,
      1.419922947883606,
      1.4126862287521362,
      1.4393404722213745,
      1.410218358039856,
      1.409947395324707,
      1.4187864065170288,
      1.407673954963684,
      1.4091023206710815,
      1.402130365371704,
      1.4088313579559326,
      1.4070243835449219,
      1.4111511707305908,
      1.4025938510894775,
      1.397957682609558,
      1.3926173448562622,
      1.3886198997497559,
      1.3904656171798706,
      1.3854339122772217,
      1.384035587310791
    ],
    "test_acc": [
      16,
      24,
      29,
      29,
      30,
      30,
      30,
      32,
      32,
      33,
      34,
      34,
      36,
      36,
      35,
      37,
      37,
      38,
      38,
      39,
      40,
      40,
      40,
      41,
      41,
      41,
      42,
      43,
      42,
      43,
      44,
      43,
      44,
      43,
      44,
      44,
      44,
      44,
      45,
      45,
      44,
      45,
      45,
      45,
      46,
      45,
      45,
      46,
      46,
      46,
      46,
      46,
      47,
      47,
      47,
      46,
      47,
      48,
      48,
      47,
      47,
      47,
      49,
      48,
      48,
      48,
      48,
      49,
      49,
      49,
      48,
      49,
      49,
      50,
      49,
      49,
      49,
      48,
      50,
      49,
      50,
      50,
      50,
      49,
      50,
      50,
      50,
      50,
      50,
      50,
      50,
      50,
      50,
      50,
      50,
      51,
      51,
      51,
      51,
      51
    ]
  }
}