{
  "config": {
    "run_name": "exp1_2_L8_K256",
    "out_dir": "./results",
    "seed": 1610160415,
    "bs_train": 32,
    "bs_test": 8,
    "batches": 100,
    "epochs": 100,
    "early_stopping": 3,
    "checkpoints": null,
    "lr": 1e-05,
    "reg": 0.001,
    "filters_per_layer": [
      256
    ],
    "layers_per_block": 8,
    "pool_every": 4,
    "hidden_dims": [
      256
    ],
    "ycn": false,
    "kw": {}
  },
  "results": {
    "num_epochs": 0,
    "train_loss": [
      2.129096508026123,
      1.901755690574646,
      1.752449631690979,
      1.6484142541885376,
      1.5526275634765625,
      1.4828169345855713,
      1.4312859773635864,
      1.3909270763397217,
      1.353738784790039,
      1.3104288578033447,
      1.268377661705017,
      1.2416609525680542,
      1.1921236515045166,
      1.1531368494033813,
      1.1218454837799072,
      1.0781457424163818,
      1.0339372158050537,
      0.9905317425727844,
      0.9471504092216492,
      0.8983616232872009,
      0.8513250350952148,
      0.792849600315094,
      0.7554365992546082,
      0.6869772672653198,
      0.6290802359580994,
      0.5701685547828674,
      0.5125259757041931,
      0.4418224096298218,
      0.3864140212535858,
      0.34311768412590027,
      0.2816762924194336,
      0.2403922975063324,
      0.20490069687366486,
      0.15912331640720367,
      0.1567138284444809,
      0.1312984824180603,
      0.1095273494720459,
      0.08833414316177368,
      0.10154268145561218,
      0.09058894962072372,
      0.04356348142027855,
      0.08375457674264908,
      0.06435961276292801,
      0.07020005583763123,
      0.07739771157503128,
      0.04236624389886856,
      0.05901247262954712,
      0.04149221256375313,
      0.06335185468196869,
      0.030734796077013016,
      0.06268194317817688,
      0.044358544051647186,
      0.007559542078524828,
      0.0019718643743544817,
      0.06534013897180557,
      0.08936355262994766,
      0.01973148062825203,
      0.03624569997191429,
      0.07551015168428421,
      0.02790185809135437,
      0.037577614188194275,
      0.03476116806268692,
      0.017295705154538155,
      0.07289320975542068,
      0.01757001131772995,
      0.040178053081035614,
      0.026506885886192322,
      0.002098929136991501,
      0.0005476571386680007,
      0.0003575413138605654,
      0.00027341104578226805,
      0.00021261131041683257,
      0.00017119884432759136,
      0.00013746916374657303,
      0.00011244638881180435,
      9.17852739803493e-05,
      7.47853919165209e-05,
      6.129940447863191e-05,
      5.0169386668130755e-05,
      4.12332228734158e-05,
      3.433608799241483e-05,
      2.7988910005660728e-05,
      2.2958040062803775e-05,
      1.8887520127464086e-05,
      1.542091376904864e-05,
      1.2489318578445818e-05,
      1.0300397661922034e-05,
      8.563518349546939e-06,
      7.164080670918338e-06,
      5.931377472734312e-06,
      4.594087386067258e-06,
      3.827571617875947e-06,
      3.315528147140867e-06,
      0.2866831123828888,
      0.02093917317688465,
      0.0031615833286195993,
      0.0010771754896268249,
      0.0006707395077683032,
      0.0004881222848780453,
      0.00036734671448357403
    ],
    "train_acc": [
      20,
      30,
      36,
      40,
      44,
      46,
      48,
      50,
      51,
      53,
      54,
      55,
      57,
      58,
      60,
      62,
      63,
      65,
      66,
      68,
      69,
      72,
      73,
      76,
      78,
      80,
      82,
      84,
      87,
      88,
      90,
      91,
      93,
      94,
      94,
      95,
      96,
      97,
      96,
      96,
      98,
      97,
      97,
      97,
      97,
      98,
      98,
      98,
      97,
      99,
      97,
      98,
      99,
      99,
      98,
      96,
      99,
      98,
      97,
      99,
      98,
      98,
      99,
      97,
      99,
      98,
      99,
      100,
      100,
      100,
      100,
      100,
      100,
      100,
      100,
      100,
      100,
      100,
      100,
      100,
      100,
      100,
      100,
      100,
      100,
      100,
      100,
      100,
      100,
      100,
      100,
      100,
      100,
      93,
      99,
      99,
      100,
      100,
      100,
      100
    ],
    "test_loss": [
      1.9705561399459839,
      1.8428736925125122,
      1.7229535579681396,
      1.6108875274658203,
      1.5279968976974487,
      1.4731297492980957,
      1.4663350582122803,
      1.4139052629470825,
      1.4083123207092285,
      1.4649848937988281,
      1.3896435499191284,
      1.4008703231811523,
      1.4037814140319824,
      1.3371636867523193,
      1.357813835144043,
      1.35885488986969,
      1.3541655540466309,
      1.3446751832962036,
      1.4031932353973389,
      1.361086368560791,
      1.3922679424285889,
      1.5149762630462646,
      1.469857096672058,
      1.5820413827896118,
      1.6217423677444458,
      1.667693018913269,
      1.7462831735610962,
      1.8843178749084473,
      1.989888310432434,
      2.028426170349121,
      2.322172164916992,
      2.479517936706543,
      2.6833062171936035,
      3.0035228729248047,
      2.968614339828491,
      3.229714870452881,
      3.3274950981140137,
      3.6386969089508057,
      3.5454368591308594,
      3.658834218978882,
      4.120818614959717,
      3.9310970306396484,
      4.246730327606201,
      4.176250457763672,
      4.115423679351807,
      4.311984062194824,
      4.3858323097229,
      4.66322660446167,
      4.435340881347656,
      4.539407730102539,
      4.557007789611816,
      4.456081390380859,
      4.660637855529785,
      4.841376781463623,
      4.24623966217041,
      3.963560104370117,
      4.37833309173584,
      4.63650369644165,
      4.313029766082764,
      4.737175941467285,
      4.755438327789307,
      4.611905574798584,
      5.0782623291015625,
      4.413566589355469,
      4.77947473526001,
      4.660325050354004,
      4.6807966232299805,
      4.848024845123291,
      4.983745574951172,
      5.100956439971924,
      5.211966037750244,
      5.316588878631592,
      5.419633865356445,
      5.522471904754639,
      5.62348747253418,
      5.729063034057617,
      5.83574914932251,
      5.943596363067627,
      6.047751426696777,
      6.154325008392334,
      6.268392086029053,
      6.3736891746521,
      6.486643314361572,
      6.601866245269775,
      6.701066970825195,
      6.81182336807251,
      6.932861328125,
      7.033642292022705,
      7.145139694213867,
      7.258152961730957,
      7.3700337409973145,
      7.480193138122559,
      7.593880653381348,
      3.4587531089782715,
      4.092257976531982,
      4.294338226318359,
      4.457249164581299,
      4.600496768951416,
      4.742949962615967,
      4.866808891296387
    ],
    "test_acc": [
      28,
      33,
      38,
      41,
      44,
      48,
      48,
      49,
      50,
      48,
      51,
      50,
      50,
      53,
      51,
      51,
      53,
      53,
      53,
      54,
      54,
      52,
      54,
      52,
      52,
      53,
      53,
      54,
      52,
      53,
      53,
      53,
      53,
      52,
      53,
      52,
      52,
      53,
      52,
      52,
      51,
      53,
      52,
      52,
      51,
      52,
      52,
      52,
      51,
      53,
      51,
      52,
      53,
      53,
      51,
      52,
      52,
      52,
      53,
      51,
      53,
      53,
      52,
      52,
      52,
      52,
      54,
      53,
      53,
      53,
      53,
      53,
      53,
      53,
      53,
      53,
      53,
      53,
      53,
      53,
      53,
      53,
      53,
      53,
      53,
      53,
      53,
      53,
      53,
      53,
      53,
      53,
      53,
      53,
      53,
      53,
      53,
      53,
      53,
      53
    ]
  }
}