{
  "config": {
    "run_name": "exp1_2_L8_K128",
    "out_dir": "./results",
    "seed": 1956444491,
    "bs_train": 128,
    "bs_test": 32,
    "batches": 100,
    "epochs": 100,
    "early_stopping": 3,
    "checkpoints": null,
    "lr": 0.001,
    "reg": 0.001,
    "filters_per_layer": [
      128
    ],
    "layers_per_block": 8,
    "pool_every": 4,
    "hidden_dims": [
      100
    ],
    "ycn": false,
    "kw": {}
  },
  "results": {
    "num_epochs": 0,
    "train_loss": [
      2.30423641204834,
      2.3038032054901123,
      2.30348801612854,
      2.3032360076904297,
      2.303046941757202,
      2.3029048442840576,
      2.302797317504883,
      2.3026657104492188,
      2.302621603012085,
      2.3025522232055664,
      2.302492618560791,
      2.3024816513061523,
      2.3024306297302246,
      2.3024308681488037,
      2.3023931980133057,
      2.3023927211761475,
      2.302359104156494,
      2.3023667335510254,
      2.302354574203491,
      2.302337646484375,
      2.302328109741211,
      2.302330493927002,
      2.302318811416626,
      2.302344799041748,
      2.3023269176483154,
      2.3023226261138916,
      2.3023197650909424,
      2.302314281463623,
      2.3023159503936768,
      2.302321672439575,
      2.302313804626465,
      2.302325487136841,
      2.302314281463623,
      2.302320957183838,
      2.3022942543029785,
      2.3023083209991455,
      2.30229115486145,
      2.3023226261138916,
      2.3023204803466797,
      2.3022992610931396,
      2.3023102283477783,
      2.3022873401641846,
      2.302290916442871,
      2.3022918701171875,
      2.3023157119750977,
      2.302288293838501,
      2.30228590965271,
      2.3022730350494385,
      2.3022964000701904,
      2.3022842407226562,
      2.3022756576538086,
      2.3022844791412354,
      2.3022799491882324,
      2.302278757095337,
      2.3022801876068115,
      2.3022677898406982,
      2.3022618293762207,
      2.3022854328155518,
      2.302257776260376,
      2.302260160446167,
      2.30226469039917,
      2.302258253097534,
      2.30226993560791,
      2.302248954772949,
      2.302272319793701,
      2.302241563796997,
      2.3022358417510986,
      2.302239418029785,
      2.302234649658203,
      2.3022215366363525,
      2.3022234439849854,
      2.302197217941284,
      2.302210807800293,
      2.3021931648254395,
      2.3021934032440186,
      2.3021819591522217,
      2.3021767139434814,
      2.302173376083374,
      2.3021836280822754,
      2.3021538257598877,
      2.3021459579467773,
      2.302133083343506,
      2.302121877670288,
      2.3020949363708496,
      2.3020808696746826,
      2.3020479679107666,
      2.3020405769348145,
      2.3020153045654297,
      2.301987648010254,
      2.3019466400146484,
      2.3019003868103027,
      2.3018717765808105,
      2.3018264770507812,
      2.3017468452453613,
      2.3016817569732666,
      2.3015782833099365,
      2.3014841079711914,
      2.301332950592041,
      2.30117130279541,
      2.300941228866577
    ],
    "train_acc": [
      10,
      10,
      10,
      10,
      10,
      10,
      10,
      10,
      10,
      10,
      10,
      10,
      10,
      9,
      10,
      10,
      10,
      10,
      10,
      10,
      10,
      10,
      10,
      10,
      10,
      10,
      10,
      10,
      10,
      10,
      10,
      10,
      10,
      10,
      10,
      10,
      10,
      10,
      10,
      10,
      10,
      10,
      10,
      10,
      10,
      10,
      10,
      10,
      10,
      10,
      10,
      10,
      10,
      10,
      10,
      10,
      10,
      10,
      10,
      10,
      10,
      10,
      10,
      10,
      10,
      10,
      10,
      10,
      10,
      10,
      10,
      10,
      11,
      10,
      10,
      10,
      10,
      10,
      10,
      10,
      10,
      10,
      10,
      10,
      13,
      11,
      12,
      10,
      13,
      10,
      10,
      11,
      14,
      15,
      13,
      16,
      16,
      16,
      14,
      16
    ],
    "test_loss": [
      2.3040454387664795,
      2.303666830062866,
      2.3033878803253174,
      2.3031623363494873,
      2.303006410598755,
      2.302879810333252,
      2.302776575088501,
      2.3026952743530273,
      2.3026323318481445,
      2.3025856018066406,
      2.3025476932525635,
      2.302522897720337,
      2.3025076389312744,
      2.3024632930755615,
      2.3024637699127197,
      2.3024466037750244,
      2.3024399280548096,
      2.3024396896362305,
      2.302422285079956,
      2.302417039871216,
      2.3023955821990967,
      2.3024230003356934,
      2.3024051189422607,
      2.302403211593628,
      2.3024041652679443,
      2.302401542663574,
      2.3023977279663086,
      2.3023841381073,
      2.3023931980133057,
      2.302389621734619,
      2.302388906478882,
      2.302381992340088,
      2.3023934364318848,
      2.3023977279663086,
      2.302393674850464,
      2.302379846572876,
      2.3023908138275146,
      2.3023879528045654,
      2.302377462387085,
      2.30238676071167,
      2.3023910522460938,
      2.3023746013641357,
      2.302375555038452,
      2.3023762702941895,
      2.3023669719696045,
      2.30236554145813,
      2.3023650646209717,
      2.3023762702941895,
      2.302366018295288,
      2.3023557662963867,
      2.3023576736450195,
      2.3023595809936523,
      2.3023669719696045,
      2.3023390769958496,
      2.3023478984832764,
      2.3023436069488525,
      2.302338123321533,
      2.302349090576172,
      2.3023459911346436,
      2.3023338317871094,
      2.3023312091827393,
      2.3023321628570557,
      2.302325487136841,
      2.3023247718811035,
      2.3023030757904053,
      2.3023180961608887,
      2.3023178577423096,
      2.3023080825805664,
      2.30230450630188,
      2.3022842407226562,
      2.302295446395874,
      2.3022806644439697,
      2.302288770675659,
      2.3022735118865967,
      2.3022570610046387,
      2.302262306213379,
      2.3022420406341553,
      2.302236557006836,
      2.302229642868042,
      2.3022234439849854,
      2.302203893661499,
      2.302182197570801,
      2.302168369293213,
      2.3021597862243652,
      2.302117347717285,
      2.302109718322754,
      2.3020975589752197,
      2.302070140838623,
      2.302023410797119,
      2.302006483078003,
      2.301966428756714,
      2.3019180297851562,
      2.301874876022339,
      2.3017804622650146,
      2.3016932010650635,
      2.3015902042388916,
      2.301460027694702,
      2.3013017177581787,
      2.301115036010742,
      2.300858497619629
    ],
    "test_acc": [
      9,
      9,
      9,
      9,
      9,
      9,
      9,
      9,
      9,
      9,
      10,
      10,
      10,
      10,
      10,
      10,
      10,
      10,
      10,
      10,
      10,
      10,
      10,
      10,
      10,
      10,
      10,
      10,
      10,
      10,
      10,
      10,
      10,
      10,
      10,
      10,
      10,
      10,
      10,
      10,
      10,
      10,
      10,
      10,
      10,
      10,
      10,
      10,
      10,
      10,
      10,
      10,
      10,
      10,
      10,
      10,
      10,
      10,
      10,
      10,
      10,
      10,
      10,
      10,
      10,
      10,
      10,
      10,
      10,
      10,
      10,
      10,
      10,
      10,
      10,
      10,
      10,
      10,
      10,
      10,
      10,
      10,
      10,
      10,
      12,
      10,
      11,
      10,
      12,
      11,
      12,
      14,
      14,
      15,
      15,
      16,
      16,
      16,
      17,
      17
    ]
  }
}