{
  "config": {
    "run_name": "exp1_1_K32_L4",
    "out_dir": "./results",
    "seed": 915695115,
    "bs_train": 32,
    "bs_test": 8,
    "batches": 100,
    "epochs": 100,
    "early_stopping": 3,
    "checkpoints": null,
    "lr": 1e-05,
    "reg": 0.001,
    "filters_per_layer": [
      32
    ],
    "layers_per_block": 4,
    "pool_every": 2,
    "hidden_dims": [
      256
    ],
    "ycn": false,
    "kw": {}
  },
  "results": {
    "num_epochs": 0,
    "train_loss": [
      2.300589084625244,
      2.2400434017181396,
      2.058915615081787,
      1.9989467859268188,
      1.9746943712234497,
      1.9556525945663452,
      1.9381134510040283,
      1.9174681901931763,
      1.8952609300613403,
      1.8674232959747314,
      1.836526870727539,
      1.801736831665039,
      1.766780138015747,
      1.7364253997802734,
      1.7111682891845703,
      1.6883223056793213,
      1.6678258180618286,
      1.6507060527801514,
      1.6356053352355957,
      1.6203097105026245,
      1.6078816652297974,
      1.5956306457519531,
      1.5849061012268066,
      1.5714856386184692,
      1.562265396118164,
      1.5533771514892578,
      1.5436936616897583,
      1.534881830215454,
      1.5279327630996704,
      1.5210353136062622,
      1.5124633312225342,
      1.5057991743087769,
      1.49785315990448,
      1.4911339282989502,
      1.4865692853927612,
      1.4791299104690552,
      1.4723600149154663,
      1.466198205947876,
      1.4620378017425537,
      1.455886721611023,
      1.448879361152649,
      1.4445253610610962,
      1.4395873546600342,
      1.4320920705795288,
      1.4271641969680786,
      1.42312753200531,
      1.4186699390411377,
      1.4125678539276123,
      1.4088655710220337,
      1.4041014909744263,
      1.3977336883544922,
      1.3952527046203613,
      1.3898967504501343,
      1.3863887786865234,
      1.381148099899292,
      1.3756935596466064,
      1.3716795444488525,
      1.3675751686096191,
      1.3637322187423706,
      1.3585211038589478,
      1.353573203086853,
      1.3507814407348633,
      1.3460420370101929,
      1.3412346839904785,
      1.3389683961868286,
      1.3348487615585327,
      1.3318008184432983,
      1.3251210451126099,
      1.3221862316131592,
      1.3178679943084717,
      1.312914252281189,
      1.309080719947815,
      1.3054298162460327,
      1.3017404079437256,
      1.2984580993652344,
      1.2947678565979004,
      1.2910716533660889,
      1.2868403196334839,
      1.2813036441802979,
      1.2775720357894897,
      1.276627779006958,
      1.2727965116500854,
      1.2685705423355103,
      1.2663313150405884,
      1.261605143547058,
      1.2567170858383179,
      1.2543952465057373,
      1.24896240234375,
      1.2478959560394287,
      1.2428056001663208,
      1.2409383058547974,
      1.2369259595870972,
      1.2347246408462524,
      1.2306755781173706,
      1.2257715463638306,
      1.2237789630889893,
      1.2198567390441895,
      1.217519998550415,
      1.214646339416504,
      1.2105764150619507
    ],
    "train_acc": [
      12,
      21,
      26,
      27,
      28,
      29,
      29,
      30,
      31,
      32,
      34,
      35,
      36,
      38,
      38,
      39,
      40,
      41,
      42,
      42,
      43,
      43,
      43,
      44,
      44,
      44,
      45,
      45,
      45,
      45,
      45,
      46,
      46,
      47,
      47,
      47,
      47,
      48,
      47,
      48,
      48,
      48,
      49,
      49,
      49,
      49,
      49,
      50,
      50,
      50,
      50,
      50,
      51,
      51,
      51,
      51,
      51,
      51,
      51,
      52,
      52,
      52,
      52,
      52,
      53,
      53,
      53,
      53,
      53,
      53,
      53,
      53,
      54,
      53,
      54,
      54,
      54,
      54,
      54,
      54,
      54,
      55,
      55,
      55,
      55,
      55,
      55,
      55,
      55,
      56,
      55,
      56,
      56,
      56,
      56,
      56,
      56,
      57,
      57,
      57
    ],
    "test_loss": [
      2.2935452461242676,
      2.1414196491241455,
      2.014038324356079,
      1.9841469526290894,
      1.9639314413070679,
      1.9459154605865479,
      1.9296894073486328,
      1.9069314002990723,
      1.881645679473877,
      1.8550535440444946,
      1.8200393915176392,
      1.7854208946228027,
      1.7590075731277466,
      1.7286186218261719,
      1.709183692932129,
      1.688244342803955,
      1.6726471185684204,
      1.663704752922058,
      1.644113302230835,
      1.6289863586425781,
      1.6203715801239014,
      1.6104031801223755,
      1.6036417484283447,
      1.599223017692566,
      1.5805162191390991,
      1.573460578918457,
      1.5664976835250854,
      1.5747716426849365,
      1.5565590858459473,
      1.549005150794983,
      1.543212652206421,
      1.542299747467041,
      1.5315755605697632,
      1.5221184492111206,
      1.5185695886611938,
      1.5178025960922241,
      1.509680986404419,
      1.5117149353027344,
      1.5066083669662476,
      1.4981557130813599,
      1.4973475933074951,
      1.484466314315796,
      1.490053415298462,
      1.4789642095565796,
      1.4739552736282349,
      1.472119927406311,
      1.4715392589569092,
      1.4666624069213867,
      1.4635143280029297,
      1.4662293195724487,
      1.4638752937316895,
      1.456109881401062,
      1.459765076637268,
      1.4453179836273193,
      1.4392234086990356,
      1.4383350610733032,
      1.4415391683578491,
      1.4415478706359863,
      1.4289110898971558,
      1.4251972436904907,
      1.4287192821502686,
      1.4248524904251099,
      1.4159631729125977,
      1.4149904251098633,
      1.4236979484558105,
      1.4096674919128418,
      1.4109324216842651,
      1.4147138595581055,
      1.4134314060211182,
      1.4026457071304321,
      1.401675820350647,
      1.4010014533996582,
      1.3919696807861328,
      1.390200138092041,
      1.3908772468566895,
      1.3856194019317627,
      1.3931188583374023,
      1.3914518356323242,
      1.4010984897613525,
      1.378670573234558,
      1.3699662685394287,
      1.3767262697219849,
      1.3955087661743164,
      1.3777084350585938,
      1.361039638519287,
      1.37124764919281,
      1.3666274547576904,
      1.3714394569396973,
      1.3563615083694458,
      1.3563810586929321,
      1.352123737335205,
      1.3594334125518799,
      1.3543658256530762,
      1.3436756134033203,
      1.3532367944717407,
      1.350604772567749,
      1.3411906957626343,
      1.3398962020874023,
      1.3416122198104858,
      1.3332051038742065
    ],
    "test_acc": [
      16,
      23,
      28,
      29,
      30,
      31,
      31,
      33,
      33,
      34,
      35,
      37,
      38,
      40,
      40,
      40,
      41,
      41,
      42,
      42,
      42,
      43,
      44,
      43,
      44,
      44,
      44,
      44,
      45,
      45,
      45,
      45,
      46,
      46,
      46,
      46,
      46,
      46,
      46,
      47,
      47,
      47,
      47,
      47,
      47,
      48,
      48,
      48,
      48,
      48,
      48,
      48,
      48,
      49,
      49,
      49,
      48,
      48,
      49,
      49,
      49,
      49,
      50,
      49,
      49,
      50,
      50,
      50,
      50,
      51,
      50,
      50,
      51,
      50,
      51,
      51,
      51,
      51,
      50,
      50,
      51,
      51,
      51,
      51,
      52,
      51,
      52,
      52,
      52,
      51,
      52,
      51,
      52,
      53,
      52,
      52,
      52,
      53,
      52,
      52
    ]
  }
}