{
  "config": {
    "run_name": "exp1_2_L4_K256",
    "out_dir": "./results",
    "seed": 1598158816,
    "bs_train": 32,
    "bs_test": 8,
    "batches": 100,
    "epochs": 100,
    "early_stopping": 3,
    "checkpoints": null,
    "lr": 1e-05,
    "reg": 0.001,
    "filters_per_layer": [
      256
    ],
    "layers_per_block": 4,
    "pool_every": 2,
    "hidden_dims": [
      256
    ],
    "ycn": false,
    "kw": {}
  },
  "results": {
    "num_epochs": 0,
    "train_loss": [
      2.129747152328491,
      1.8629610538482666,
      1.6994342803955078,
      1.6049734354019165,
      1.54547119140625,
      1.509545922279358,
      1.4796695709228516,
      1.4498591423034668,
      1.4269133806228638,
      1.39934504032135,
      1.3761849403381348,
      1.352585792541504,
      1.3251641988754272,
      1.3022990226745605,
      1.276865005493164,
      1.2553796768188477,
      1.2312861680984497,
      1.2137974500656128,
      1.1927374601364136,
      1.1708018779754639,
      1.1586871147155762,
      1.136164903640747,
      1.120776653289795,
      1.1016403436660767,
      1.0802990198135376,
      1.0625356435775757,
      1.0450211763381958,
      1.0297222137451172,
      1.011301875114441,
      0.9948405027389526,
      0.9835282564163208,
      0.9658476710319519,
      0.9515661001205444,
      0.9361859560012817,
      0.9162089228630066,
      0.8994595408439636,
      0.8869276642799377,
      0.8711361289024353,
      0.853421688079834,
      0.843901515007019,
      0.8236315846443176,
      0.8116862177848816,
      0.791716456413269,
      0.7762051224708557,
      0.7602298259735107,
      0.742963433265686,
      0.7361341118812561,
      0.7142980098724365,
      0.6973634362220764,
      0.6914729475975037,
      0.6734586954116821,
      0.6521483659744263,
      0.633445143699646,
      0.6161614060401917,
      0.6040417551994324,
      0.5854579210281372,
      0.5746744871139526,
      0.5541378259658813,
      0.5422903299331665,
      0.5245933532714844,
      0.5093539953231812,
      0.4925359785556793,
      0.4775615930557251,
      0.46374398469924927,
      0.4464244842529297,
      0.4284990727901459,
      0.41317516565322876,
      0.39742740988731384,
      0.3850083351135254,
      0.3723990023136139,
      0.3481675088405609,
      0.3482849597930908,
      0.32557281851768494,
      0.31221792101860046,
      0.299284964799881,
      0.2823884189128876,
      0.2768409550189972,
      0.2589868903160095,
      0.24261431396007538,
      0.23952020704746246,
      0.21678678691387177,
      0.21234862506389618,
      0.19487179815769196,
      0.1871349811553955,
      0.18304944038391113,
      0.17031261324882507,
      0.15699850022792816,
      0.1416330635547638,
      0.1424589455127716,
      0.1443464308977127,
      0.1334853619337082,
      0.11766842752695084,
      0.10505297034978867,
      0.09654826670885086,
      0.08887110650539398,
      0.09214785695075989,
      0.08749590814113617,
      0.09205212444067001,
      0.07189559936523438,
      0.06762519478797913
    ],
    "train_acc": [
      21,
      33,
      39,
      42,
      44,
      46,
      46,
      48,
      48,
      49,
      50,
      51,
      52,
      53,
      54,
      55,
      56,
      56,
      57,
      58,
      58,
      59,
      59,
      60,
      61,
      62,
      63,
      63,
      64,
      65,
      65,
      66,
      66,
      67,
      68,
      69,
      69,
      69,
      70,
      70,
      71,
      71,
      72,
      72,
      74,
      74,
      74,
      75,
      76,
      76,
      77,
      77,
      78,
      79,
      79,
      80,
      80,
      81,
      81,
      82,
      83,
      83,
      84,
      84,
      85,
      86,
      86,
      87,
      87,
      88,
      89,
      89,
      89,
      90,
      90,
      91,
      91,
      92,
      93,
      92,
      93,
      93,
      94,
      95,
      95,
      95,
      96,
      96,
      96,
      96,
      96,
      97,
      97,
      97,
      98,
      98,
      98,
      97,
      98,
      98
    ],
    "test_loss": [
      1.9655336141586304,
      1.804673194885254,
      1.652917742729187,
      1.5871026515960693,
      1.544856309890747,
      1.5286415815353394,
      1.4903435707092285,
      1.4576184749603271,
      1.4838136434555054,
      1.4282647371292114,
      1.406520962715149,
      1.3929818868637085,
      1.3734580278396606,
      1.3505884408950806,
      1.3452198505401611,
      1.3462715148925781,
      1.3172637224197388,
      1.3577648401260376,
      1.291804552078247,
      1.324690341949463,
      1.2791104316711426,
      1.2600746154785156,
      1.2635570764541626,
      1.2666749954223633,
      1.2623134851455688,
      1.2214170694351196,
      1.2339059114456177,
      1.2219997644424438,
      1.2070066928863525,
      1.226721167564392,
      1.2127363681793213,
      1.228283405303955,
      1.1921488046646118,
      1.186499834060669,
      1.2034552097320557,
      1.2075001001358032,
      1.1904933452606201,
      1.2083077430725098,
      1.1796644926071167,
      1.2127727270126343,
      1.193821907043457,
      1.2184600830078125,
      1.1859852075576782,
      1.1807162761688232,
      1.1862081289291382,
      1.2077522277832031,
      1.1727226972579956,
      1.2056775093078613,
      1.1971453428268433,
      1.2110217809677124,
      1.197475552558899,
      1.2058944702148438,
      1.2191919088363647,
      1.2273099422454834,
      1.2161283493041992,
      1.257058024406433,
      1.2211776971817017,
      1.2139196395874023,
      1.227049708366394,
      1.2640936374664307,
      1.2660983800888062,
      1.275261402130127,
      1.3163702487945557,
      1.3537734746932983,
      1.3256264925003052,
      1.3216692209243774,
      1.3355598449707031,
      1.3268039226531982,
      1.3674979209899902,
      1.3834317922592163,
      1.4048293828964233,
      1.4497994184494019,
      1.4861739873886108,
      1.4644672870635986,
      1.471659779548645,
      1.5086817741394043,
      1.5617791414260864,
      1.6218774318695068,
      1.5576608180999756,
      1.5900779962539673,
      1.6997270584106445,
      1.6585372686386108,
      1.651757001876831,
      1.7224445343017578,
      1.7744752168655396,
      1.7390940189361572,
      1.7455370426177979,
      1.8120688199996948,
      1.8201050758361816,
      1.823155403137207,
      1.850054144859314,
      1.8971370458602905,
      1.9420156478881836,
      1.962168574333191,
      1.9808754920959473,
      2.0451228618621826,
      2.0472683906555176,
      2.237863302230835,
      2.0692191123962402,
      2.1403307914733887
    ],
    "test_acc": [
      29,
      36,
      41,
      43,
      44,
      45,
      46,
      47,
      46,
      49,
      49,
      50,
      50,
      51,
      52,
      52,
      53,
      51,
      54,
      52,
      54,
      55,
      54,
      54,
      55,
      56,
      56,
      56,
      57,
      57,
      57,
      55,
      57,
      57,
      57,
      57,
      58,
      58,
      58,
      57,
      59,
      58,
      58,
      59,
      59,
      59,
      59,
      59,
      60,
      59,
      60,
      59,
      60,
      60,
      60,
      60,
      60,
      61,
      61,
      60,
      60,
      61,
      59,
      59,
      59,
      61,
      61,
      61,
      60,
      61,
      60,
      59,
      60,
      60,
      60,
      61,
      60,
      60,
      60,
      60,
      58,
      61,
      60,
      60,
      60,
      60,
      61,
      59,
      59,
      61,
      60,
      60,
      60,
      60,
      60,
      60,
      59,
      57,
      60,
      59
    ]
  }
}