{
  "config": {
    "run_name": "exp1_1_K32_L16",
    "out_dir": "./results",
    "seed": 1400148157,
    "bs_train": 32,
    "bs_test": 8,
    "batches": 100,
    "epochs": 100,
    "early_stopping": 3,
    "checkpoints": null,
    "lr": 1e-05,
    "reg": 0.001,
    "filters_per_layer": [
      32
    ],
    "layers_per_block": 16,
    "pool_every": 8,
    "hidden_dims": [
      256
    ],
    "ycn": false,
    "kw": {}
  },
  "results": {
    "num_epochs": 0,
    "train_loss": [
      2.3030967712402344,
      2.3027961254119873,
      2.302647590637207,
      2.3025765419006348,
      2.302515983581543,
      2.3024637699127197,
      2.302457571029663,
      2.3024513721466064,
      2.302422523498535,
      2.3024208545684814,
      2.302422285079956,
      2.3024187088012695,
      2.3024215698242188,
      2.298784017562866,
      2.031867265701294,
      1.9122940301895142,
      1.868917465209961,
      1.8373713493347168,
      1.8099440336227417,
      1.7871837615966797,
      1.7667887210845947,
      1.7461267709732056,
      1.7335574626922607,
      1.715538501739502,
      1.7043746709823608,
      1.6949049234390259,
      1.6815016269683838,
      1.6703943014144897,
      1.658537745475769,
      1.6477912664413452,
      1.6433298587799072,
      1.635422706604004,
      1.6244930028915405,
      1.6182677745819092,
      1.6134480237960815,
      1.6043838262557983,
      1.5943011045455933,
      1.5877373218536377,
      1.5820518732070923,
      1.5779380798339844,
      1.573767066001892,
      1.5658200979232788,
      1.5603917837142944,
      1.5521904230117798,
      1.5456417798995972,
      1.5410959720611572,
      1.5331957340240479,
      1.5285792350769043,
      1.5233478546142578,
      1.52150297164917,
      1.5104681253433228,
      1.505295753479004,
      1.5022865533828735,
      1.500903606414795,
      1.4938961267471313,
      1.4859983921051025,
      1.4808560609817505,
      1.4762330055236816,
      1.4732435941696167,
      1.4651178121566772,
      1.4583977460861206,
      1.45991849899292,
      1.4475003480911255,
      1.4427602291107178,
      1.4405179023742676,
      1.4371445178985596,
      1.432541012763977,
      1.4240753650665283,
      1.4186739921569824,
      1.4160338640213013,
      1.4112446308135986,
      1.4055367708206177,
      1.4013198614120483,
      1.3919392824172974,
      1.3850257396697998,
      1.3840774297714233,
      1.3815850019454956,
      1.3704357147216797,
      1.3716270923614502,
      1.3603276014328003,
      1.3567320108413696,
      1.352625846862793,
      1.3444104194641113,
      1.338071584701538,
      1.3305103778839111,
      1.3276219367980957,
      1.328332543373108,
      1.31864333152771,
      1.3109934329986572,
      1.3075779676437378,
      1.3014739751815796,
      1.297074556350708,
      1.2967630624771118,
      1.2886558771133423,
      1.2804328203201294,
      1.280889868736267,
      1.2779799699783325,
      1.2658026218414307,
      1.2621194124221802,
      1.2563413381576538
    ],
    "train_acc": [
      10,
      10,
      9,
      9,
      9,
      10,
      10,
      10,
      9,
      10,
      10,
      10,
      9,
      10,
      24,
      30,
      32,
      33,
      34,
      35,
      35,
      36,
      36,
      37,
      37,
      37,
      38,
      38,
      39,
      40,
      40,
      40,
      41,
      41,
      40,
      41,
      42,
      42,
      42,
      42,
      42,
      43,
      43,
      43,
      43,
      44,
      44,
      44,
      44,
      45,
      45,
      45,
      45,
      45,
      46,
      45,
      46,
      46,
      46,
      47,
      47,
      47,
      47,
      48,
      48,
      48,
      48,
      48,
      49,
      49,
      49,
      49,
      50,
      50,
      50,
      50,
      50,
      51,
      51,
      51,
      51,
      51,
      51,
      52,
      52,
      52,
      52,
      52,
      53,
      53,
      53,
      53,
      53,
      54,
      54,
      54,
      54,
      55,
      54,
      55
    ],
    "test_loss": [
      2.302764892578125,
      2.3025901317596436,
      2.3024840354919434,
      2.302452325820923,
      2.302415132522583,
      2.302396774291992,
      2.3023951053619385,
      2.3024351596832275,
      2.302398443222046,
      2.3023805618286133,
      2.302398920059204,
      2.3024165630340576,
      2.3024039268493652,
      2.222472667694092,
      1.9634631872177124,
      1.9223878383636475,
      1.8691414594650269,
      1.8296616077423096,
      1.801344394683838,
      1.7742222547531128,
      1.7561357021331787,
      1.7527538537979126,
      1.7267674207687378,
      1.7265678644180298,
      1.7007715702056885,
      1.7297719717025757,
      1.707636833190918,
      1.6809526681900024,
      1.668813943862915,
      1.6693644523620605,
      1.6660048961639404,
      1.675139307975769,
      1.6557222604751587,
      1.63868248462677,
      1.6331207752227783,
      1.6417303085327148,
      1.6410000324249268,
      1.670365810394287,
      1.6363404989242554,
      1.651160478591919,
      1.6126022338867188,
      1.6109850406646729,
      1.6153658628463745,
      1.603562593460083,
      1.6028099060058594,
      1.6131930351257324,
      1.5981053113937378,
      1.599863886833191,
      1.584747076034546,
      1.580389142036438,
      1.5847835540771484,
      1.5885125398635864,
      1.5866522789001465,
      1.5896044969558716,
      1.572924256324768,
      1.561929702758789,
      1.5764760971069336,
      1.557551383972168,
      1.5686908960342407,
      1.562508225440979,
      1.5555839538574219,
      1.598783016204834,
      1.5562424659729004,
      1.5542867183685303,
      1.5618435144424438,
      1.5425846576690674,
      1.5425068140029907,
      1.54436194896698,
      1.533661127090454,
      1.5578360557556152,
      1.5576621294021606,
      1.5434174537658691,
      1.5363695621490479,
      1.5232741832733154,
      1.5331639051437378,
      1.5509928464889526,
      1.5305384397506714,
      1.514117956161499,
      1.5167152881622314,
      1.5263043642044067,
      1.5271360874176025,
      1.514428734779358,
      1.5141915082931519,
      1.5322173833847046,
      1.534564733505249,
      1.535452961921692,
      1.5063035488128662,
      1.4974498748779297,
      1.508321762084961,
      1.5169519186019897,
      1.5010590553283691,
      1.5048530101776123,
      1.500812292098999,
      1.5037847757339478,
      1.5069599151611328,
      1.5015616416931152,
      1.5288276672363281,
      1.540177345275879,
      1.4937241077423096,
      1.5002926588058472
    ],
    "test_acc": [
      9,
      9,
      10,
      10,
      10,
      10,
      10,
      10,
      10,
      10,
      10,
      10,
      10,
      12,
      28,
      29,
      33,
      34,
      35,
      36,
      36,
      35,
      36,
      37,
      38,
      37,
      37,
      39,
      38,
      39,
      39,
      38,
      39,
      40,
      40,
      41,
      41,
      39,
      41,
      40,
      41,
      40,
      41,
      42,
      42,
      40,
      41,
      42,
      42,
      42,
      42,
      42,
      43,
      42,
      42,
      43,
      42,
      43,
      42,
      42,
      43,
      43,
      43,
      43,
      44,
      45,
      45,
      44,
      44,
      44,
      43,
      44,
      44,
      45,
      45,
      44,
      45,
      45,
      45,
      44,
      46,
      45,
      46,
      45,
      46,
      45,
      46,
      46,
      46,
      45,
      45,
      46,
      46,
      46,
      45,
      46,
      46,
      46,
      46,
      46
    ]
  }
}