{
  "config": {
    "run_name": "exp1_1_K32_L8",
    "out_dir": "./results",
    "seed": 715175568,
    "bs_train": 32,
    "bs_test": 8,
    "batches": 100,
    "epochs": 100,
    "early_stopping": 3,
    "checkpoints": null,
    "lr": 1e-05,
    "reg": 0.001,
    "filters_per_layer": [
      32
    ],
    "layers_per_block": 8,
    "pool_every": 4,
    "hidden_dims": [
      256
    ],
    "ycn": false,
    "kw": {}
  },
  "results": {
    "num_epochs": 0,
    "train_loss": [
      2.3034214973449707,
      2.2773730754852295,
      2.039585828781128,
      1.9822694063186646,
      1.9541845321655273,
      1.9300554990768433,
      1.9075429439544678,
      1.882530927658081,
      1.8569973707199097,
      1.8285496234893799,
      1.8006823062896729,
      1.772168755531311,
      1.7477208375930786,
      1.7220306396484375,
      1.7010103464126587,
      1.6800074577331543,
      1.6587470769882202,
      1.6406104564666748,
      1.6278884410858154,
      1.6149979829788208,
      1.5984187126159668,
      1.5909332036972046,
      1.5795061588287354,
      1.5709996223449707,
      1.562642216682434,
      1.5556279420852661,
      1.5480016469955444,
      1.5405125617980957,
      1.532479166984558,
      1.5238699913024902,
      1.518625259399414,
      1.514374017715454,
      1.5042028427124023,
      1.4997429847717285,
      1.4948559999465942,
      1.489571452140808,
      1.480104923248291,
      1.475210428237915,
      1.469830870628357,
      1.464701771736145,
      1.4574202299118042,
      1.4529181718826294,
      1.44596529006958,
      1.4416635036468506,
      1.4385515451431274,
      1.4312770366668701,
      1.4255834817886353,
      1.4221066236495972,
      1.4182276725769043,
      1.4138554334640503,
      1.4064885377883911,
      1.4032416343688965,
      1.3957512378692627,
      1.3908227682113647,
      1.3856523036956787,
      1.3819516897201538,
      1.3745455741882324,
      1.372945785522461,
      1.3666956424713135,
      1.365999460220337,
      1.357651948928833,
      1.3517357110977173,
      1.3489422798156738,
      1.3424932956695557,
      1.3400018215179443,
      1.3346214294433594,
      1.3300431966781616,
      1.3289281129837036,
      1.3233191967010498,
      1.320812702178955,
      1.31256902217865,
      1.3109005689620972,
      1.3030343055725098,
      1.2969416379928589,
      1.2975268363952637,
      1.2946662902832031,
      1.285341501235962,
      1.2835404872894287,
      1.2751256227493286,
      1.2743678092956543,
      1.2703964710235596,
      1.2620161771774292,
      1.2628823518753052,
      1.2565280199050903,
      1.2536131143569946,
      1.2460739612579346,
      1.240885853767395,
      1.2420815229415894,
      1.2378909587860107,
      1.229583740234375,
      1.225411295890808,
      1.224096417427063,
      1.2172924280166626,
      1.2151813507080078,
      1.205029010772705,
      1.205118179321289,
      1.1970577239990234,
      1.1979576349258423,
      1.1887059211730957,
      1.1895321607589722
    ],
    "train_acc": [
      9,
      12,
      26,
      28,
      28,
      29,
      30,
      32,
      33,
      34,
      35,
      36,
      37,
      38,
      38,
      39,
      40,
      41,
      41,
      42,
      42,
      43,
      43,
      43,
      44,
      44,
      44,
      44,
      45,
      45,
      45,
      45,
      45,
      46,
      46,
      47,
      47,
      47,
      47,
      47,
      47,
      47,
      47,
      48,
      48,
      48,
      49,
      48,
      49,
      49,
      49,
      49,
      50,
      50,
      50,
      51,
      50,
      51,
      51,
      51,
      51,
      51,
      51,
      52,
      52,
      52,
      53,
      52,
      53,
      53,
      53,
      53,
      53,
      53,
      54,
      54,
      54,
      54,
      54,
      55,
      55,
      55,
      55,
      55,
      55,
      56,
      56,
      56,
      56,
      56,
      56,
      56,
      57,
      57,
      57,
      57,
      58,
      57,
      58,
      58
    ],
    "test_loss": [
      2.3028299808502197,
      2.1511669158935547,
      2.0068607330322266,
      1.9737989902496338,
      1.954935073852539,
      1.9307301044464111,
      1.9043384790420532,
      1.8722355365753174,
      1.8510185480117798,
      1.8173854351043701,
      1.8202030658721924,
      1.7720714807510376,
      1.7415354251861572,
      1.7279078960418701,
      1.6993249654769897,
      1.6817480325698853,
      1.6668832302093506,
      1.6610668897628784,
      1.630123496055603,
      1.622225284576416,
      1.62503182888031,
      1.608284831047058,
      1.5940333604812622,
      1.5945922136306763,
      1.5819295644760132,
      1.5710645914077759,
      1.5902411937713623,
      1.5858644247055054,
      1.5607696771621704,
      1.5549699068069458,
      1.5550861358642578,
      1.5534757375717163,
      1.547734022140503,
      1.5351632833480835,
      1.541265606880188,
      1.5255649089813232,
      1.5376667976379395,
      1.5213592052459717,
      1.5224097967147827,
      1.528381109237671,
      1.5318560600280762,
      1.5164719820022583,
      1.5067896842956543,
      1.5164185762405396,
      1.5086852312088013,
      1.4910616874694824,
      1.4975636005401611,
      1.4968645572662354,
      1.507652759552002,
      1.4836757183074951,
      1.4784425497055054,
      1.4900044202804565,
      1.4984180927276611,
      1.4869511127471924,
      1.4902390241622925,
      1.476320505142212,
      1.4854178428649902,
      1.4780381917953491,
      1.4890817403793335,
      1.461604356765747,
      1.4639244079589844,
      1.4556100368499756,
      1.4576122760772705,
      1.455419898033142,
      1.4585102796554565,
      1.460497498512268,
      1.4626381397247314,
      1.4547332525253296,
      1.4795560836791992,
      1.453978180885315,
      1.449512004852295,
      1.435182809829712,
      1.4393588304519653,
      1.4411866664886475,
      1.4332317113876343,
      1.4438616037368774,
      1.4451807737350464,
      1.4541116952896118,
      1.4622167348861694,
      1.4502946138381958,
      1.4264918565750122,
      1.4501867294311523,
      1.4323749542236328,
      1.4422345161437988,
      1.4321316480636597,
      1.433242678642273,
      1.461639165878296,
      1.4374018907546997,
      1.436302661895752,
      1.4244354963302612,
      1.4272562265396118,
      1.4314138889312744,
      1.4131085872650146,
      1.4130713939666748,
      1.4390366077423096,
      1.4186232089996338,
      1.4157774448394775,
      1.4439157247543335,
      1.4315307140350342,
      1.4462834596633911
    ],
    "test_acc": [
      9,
      24,
      27,
      29,
      30,
      30,
      32,
      33,
      34,
      35,
      36,
      38,
      38,
      39,
      39,
      40,
      41,
      41,
      42,
      42,
      43,
      43,
      42,
      43,
      43,
      44,
      43,
      44,
      44,
      44,
      44,
      45,
      44,
      45,
      45,
      45,
      45,
      44,
      45,
      45,
      45,
      46,
      46,
      45,
      45,
      47,
      45,
      47,
      46,
      47,
      47,
      46,
      47,
      47,
      47,
      47,
      47,
      47,
      47,
      47,
      47,
      48,
      48,
      48,
      48,
      48,
      48,
      48,
      47,
      48,
      48,
      49,
      49,
      49,
      49,
      48,
      49,
      48,
      49,
      48,
      49,
      49,
      49,
      49,
      50,
      50,
      48,
      49,
      50,
      50,
      50,
      49,
      50,
      50,
      50,
      50,
      51,
      50,
      50,
      49
    ]
  }
}