{
  "config": {
    "run_name": "exp1_1_K64_L8",
    "out_dir": "./results",
    "seed": 544025358,
    "bs_train": 32,
    "bs_test": 8,
    "batches": 100,
    "epochs": 100,
    "early_stopping": 3,
    "checkpoints": null,
    "lr": 1e-05,
    "reg": 0.001,
    "filters_per_layer": [
      64
    ],
    "layers_per_block": 8,
    "pool_every": 4,
    "hidden_dims": [
      256
    ],
    "ycn": false,
    "kw": {}
  },
  "results": {
    "num_epochs": 0,
    "train_loss": [
      2.2684731483459473,
      2.0002810955047607,
      1.9465734958648682,
      1.8968979120254517,
      1.824122667312622,
      1.7578543424606323,
      1.7069520950317383,
      1.6664856672286987,
      1.6434602737426758,
      1.611881971359253,
      1.5883933305740356,
      1.5621036291122437,
      1.5420260429382324,
      1.5315556526184082,
      1.5069706439971924,
      1.4928544759750366,
      1.4828873872756958,
      1.4637497663497925,
      1.4548381567001343,
      1.4431068897247314,
      1.4310277700424194,
      1.4285902976989746,
      1.4085322618484497,
      1.401246190071106,
      1.3943979740142822,
      1.384071707725525,
      1.3742552995681763,
      1.361119031906128,
      1.3544399738311768,
      1.3480963706970215,
      1.3396719694137573,
      1.3292903900146484,
      1.319190263748169,
      1.3157824277877808,
      1.3047822713851929,
      1.2956994771957397,
      1.2844979763031006,
      1.2771244049072266,
      1.2752737998962402,
      1.2591683864593506,
      1.251017451286316,
      1.245531678199768,
      1.2333931922912598,
      1.2274307012557983,
      1.2183200120925903,
      1.210963487625122,
      1.2004477977752686,
      1.1909399032592773,
      1.1808905601501465,
      1.1741015911102295,
      1.1672241687774658,
      1.156655192375183,
      1.147608995437622,
      1.1394404172897339,
      1.133376121520996,
      1.1192618608474731,
      1.1093971729278564,
      1.1065462827682495,
      1.09278404712677,
      1.0885705947875977,
      1.0779919624328613,
      1.0632524490356445,
      1.0565258264541626,
      1.0488672256469727,
      1.0415265560150146,
      1.0241490602493286,
      1.0204805135726929,
      1.0182126760482788,
      1.003858208656311,
      0.9848557114601135,
      0.9847013354301453,
      0.9762299656867981,
      0.9609417915344238,
      0.9527478218078613,
      0.9387098550796509,
      0.9302003383636475,
      0.9211027026176453,
      0.9083818793296814,
      0.9014930725097656,
      0.8959789872169495,
      0.8854091167449951,
      0.8706299662590027,
      0.8632080554962158,
      0.8520931005477905,
      0.8390817642211914,
      0.835412323474884,
      0.8168514966964722,
      0.8067072629928589,
      0.7991529107093811,
      0.7941456437110901,
      0.7751155495643616,
      0.7629737257957458,
      0.7523496747016907,
      0.7463036775588989,
      0.724022388458252,
      0.7206759452819824,
      0.712566614151001,
      0.7044574022293091,
      0.691780686378479,
      0.6717034578323364
    ],
    "train_acc": [
      13,
      27,
      29,
      31,
      33,
      36,
      38,
      39,
      41,
      42,
      42,
      44,
      44,
      45,
      45,
      46,
      46,
      47,
      47,
      48,
      48,
      48,
      49,
      49,
      50,
      50,
      50,
      51,
      51,
      51,
      52,
      52,
      53,
      53,
      53,
      54,
      54,
      54,
      54,
      55,
      55,
      56,
      56,
      56,
      56,
      57,
      57,
      58,
      58,
      58,
      58,
      59,
      59,
      59,
      60,
      60,
      61,
      61,
      61,
      61,
      61,
      62,
      62,
      63,
      63,
      64,
      64,
      64,
      64,
      65,
      65,
      65,
      66,
      66,
      66,
      67,
      67,
      68,
      68,
      68,
      69,
      69,
      69,
      70,
      70,
      70,
      71,
      71,
      72,
      72,
      73,
      73,
      73,
      74,
      74,
      75,
      75,
      75,
      76,
      76
    ],
    "test_loss": [
      2.083538055419922,
      1.9673622846603394,
      1.92447829246521,
      1.8778384923934937,
      1.7920756340026855,
      1.732570767402649,
      1.6998611688613892,
      1.6684645414352417,
      1.633328914642334,
      1.601248025894165,
      1.608749508857727,
      1.5763181447982788,
      1.5576845407485962,
      1.53244948387146,
      1.5173389911651611,
      1.5207536220550537,
      1.500451922416687,
      1.5413066148757935,
      1.510841965675354,
      1.4696455001831055,
      1.475267767906189,
      1.4720734357833862,
      1.457384467124939,
      1.4668244123458862,
      1.445038080215454,
      1.4431824684143066,
      1.4451169967651367,
      1.430945634841919,
      1.4349379539489746,
      1.4204021692276,
      1.4258058071136475,
      1.4190250635147095,
      1.4495025873184204,
      1.4047214984893799,
      1.4078881740570068,
      1.3985952138900757,
      1.4304057359695435,
      1.3976423740386963,
      1.3942162990570068,
      1.4133951663970947,
      1.400423288345337,
      1.393604040145874,
      1.399375319480896,
      1.3767340183258057,
      1.3936831951141357,
      1.3979617357254028,
      1.3803707361221313,
      1.3816498517990112,
      1.3924003839492798,
      1.3783154487609863,
      1.3807231187820435,
      1.420328140258789,
      1.3777438402175903,
      1.4072209596633911,
      1.3740737438201904,
      1.3806554079055786,
      1.3766752481460571,
      1.3721849918365479,
      1.383750319480896,
      1.3952454328536987,
      1.3848488330841064,
      1.3679333925247192,
      1.3642884492874146,
      1.3820027112960815,
      1.3746302127838135,
      1.420673131942749,
      1.3872675895690918,
      1.3811440467834473,
      1.3864182233810425,
      1.3959779739379883,
      1.3890724182128906,
      1.4361670017242432,
      1.4211173057556152,
      1.4010049104690552,
      1.4265131950378418,
      1.4173258543014526,
      1.4357019662857056,
      1.4292960166931152,
      1.4448965787887573,
      1.446811318397522,
      1.4927825927734375,
      1.4702013731002808,
      1.4524972438812256,
      1.4779994487762451,
      1.5117093324661255,
      1.479952335357666,
      1.4924334287643433,
      1.5155190229415894,
      1.4978485107421875,
      1.5389471054077148,
      1.57185697555542,
      1.5518550872802734,
      1.582955241203308,
      1.5675486326217651,
      1.6708931922912598,
      1.6357797384262085,
      1.6146827936172485,
      1.6505006551742554,
      1.6239807605743408,
      1.6346923112869263
    ],
    "test_acc": [
      25,
      29,
      30,
      31,
      36,
      38,
      38,
      41,
      41,
      43,
      41,
      44,
      44,
      45,
      46,
      46,
      46,
      46,
      46,
      47,
      48,
      47,
      48,
      47,
      48,
      49,
      49,
      50,
      49,
      50,
      50,
      50,
      48,
      50,
      50,
      51,
      49,
      51,
      50,
      50,
      51,
      52,
      51,
      52,
      51,
      50,
      52,
      51,
      52,
      52,
      52,
      50,
      51,
      50,
      52,
      52,
      52,
      52,
      52,
      51,
      53,
      52,
      53,
      52,
      52,
      51,
      53,
      52,
      52,
      52,
      52,
      51,
      53,
      53,
      52,
      53,
      53,
      51,
      51,
      51,
      50,
      52,
      52,
      53,
      51,
      52,
      51,
      51,
      52,
      52,
      51,
      51,
      51,
      51,
      51,
      51,
      51,
      51,
      52,
      51
    ]
  }
}