{
  "config": {
    "run_name": "exp1_2_L4_K64",
    "out_dir": "./results",
    "seed": 113165700,
    "bs_train": 32,
    "bs_test": 8,
    "batches": 100,
    "epochs": 100,
    "early_stopping": 3,
    "checkpoints": null,
    "lr": 1e-05,
    "reg": 0.001,
    "filters_per_layer": [
      64
    ],
    "layers_per_block": 4,
    "pool_every": 2,
    "hidden_dims": [
      256
    ],
    "ycn": false,
    "kw": {}
  },
  "results": {
    "num_epochs": 0,
    "train_loss": [
      2.2705726623535156,
      2.038632869720459,
      1.9709863662719727,
      1.938934087753296,
      1.9013512134552002,
      1.8604607582092285,
      1.8100945949554443,
      1.7603884935379028,
      1.7153922319412231,
      1.6779929399490356,
      1.645777702331543,
      1.620564579963684,
      1.5989631414413452,
      1.5783300399780273,
      1.560770869255066,
      1.5441502332687378,
      1.5299837589263916,
      1.5172053575515747,
      1.5009773969650269,
      1.4905647039413452,
      1.4784514904022217,
      1.4648834466934204,
      1.4524915218353271,
      1.4449725151062012,
      1.432823896408081,
      1.4233920574188232,
      1.4160704612731934,
      1.4073715209960938,
      1.3986749649047852,
      1.39078950881958,
      1.3815741539001465,
      1.37732994556427,
      1.3666757345199585,
      1.3585513830184937,
      1.3537410497665405,
      1.3442069292068481,
      1.3359161615371704,
      1.3323211669921875,
      1.323354721069336,
      1.3191355466842651,
      1.314028024673462,
      1.3051823377609253,
      1.3011624813079834,
      1.2946017980575562,
      1.28596031665802,
      1.2819099426269531,
      1.2744531631469727,
      1.2712242603302002,
      1.2641198635101318,
      1.2564928531646729,
      1.2538055181503296,
      1.247485876083374,
      1.2406965494155884,
      1.234818458557129,
      1.2301706075668335,
      1.226876974105835,
      1.2203956842422485,
      1.2161670923233032,
      1.2091083526611328,
      1.2047466039657593,
      1.1977618932724,
      1.1936115026474,
      1.1901166439056396,
      1.1864780187606812,
      1.1767175197601318,
      1.171644926071167,
      1.1680530309677124,
      1.1632310152053833,
      1.1582579612731934,
      1.1520075798034668,
      1.1459169387817383,
      1.1460292339324951,
      1.138526201248169,
      1.1334081888198853,
      1.1322479248046875,
      1.1238768100738525,
      1.1211397647857666,
      1.1158342361450195,
      1.110011100769043,
      1.1073886156082153,
      1.1016342639923096,
      1.0969796180725098,
      1.0953664779663086,
      1.0872251987457275,
      1.0862919092178345,
      1.0787267684936523,
      1.0767587423324585,
      1.0688517093658447,
      1.0685884952545166,
      1.062267541885376,
      1.0565043687820435,
      1.0528233051300049,
      1.047357439994812,
      1.0447732210159302,
      1.0396560430526733,
      1.0350950956344604,
      1.029597520828247,
      1.0266706943511963,
      1.023614764213562,
      1.0186476707458496
    ],
    "train_acc": [
      14,
      27,
      29,
      30,
      31,
      33,
      35,
      37,
      39,
      40,
      42,
      42,
      43,
      44,
      45,
      45,
      46,
      46,
      46,
      47,
      47,
      48,
      48,
      49,
      49,
      49,
      49,
      50,
      50,
      50,
      51,
      51,
      51,
      52,
      51,
      52,
      52,
      52,
      53,
      53,
      53,
      53,
      54,
      54,
      54,
      54,
      55,
      54,
      55,
      55,
      55,
      56,
      56,
      56,
      56,
      56,
      56,
      56,
      57,
      57,
      57,
      57,
      57,
      58,
      58,
      58,
      58,
      58,
      59,
      59,
      59,
      59,
      59,
      59,
      60,
      60,
      60,
      60,
      60,
      60,
      61,
      61,
      61,
      61,
      61,
      62,
      62,
      62,
      62,
      62,
      62,
      62,
      62,
      63,
      63,
      63,
      63,
      63,
      64,
      63
    ],
    "test_loss": [
      2.1498923301696777,
      1.9922397136688232,
      1.957228183746338,
      1.9230962991714478,
      1.8889386653900146,
      1.8441365957260132,
      1.809151530265808,
      1.7502034902572632,
      1.7029811143875122,
      1.6805517673492432,
      1.6499050855636597,
      1.6243666410446167,
      1.6021528244018555,
      1.5957200527191162,
      1.5682783126831055,
      1.562097191810608,
      1.5516668558120728,
      1.550718903541565,
      1.5389677286148071,
      1.5131405591964722,
      1.5123072862625122,
      1.4994263648986816,
      1.4985837936401367,
      1.4801243543624878,
      1.4707106351852417,
      1.458866000175476,
      1.4578968286514282,
      1.4491126537322998,
      1.4389978647232056,
      1.4357147216796875,
      1.4290655851364136,
      1.4365530014038086,
      1.4183992147445679,
      1.4378235340118408,
      1.4098743200302124,
      1.4012508392333984,
      1.4158352613449097,
      1.4016598463058472,
      1.387403964996338,
      1.4013519287109375,
      1.3830833435058594,
      1.4037055969238281,
      1.3816101551055908,
      1.374391794204712,
      1.3847131729125977,
      1.3805519342422485,
      1.3728402853012085,
      1.3758341073989868,
      1.3670592308044434,
      1.3718008995056152,
      1.3595187664031982,
      1.3492475748062134,
      1.338504433631897,
      1.346010684967041,
      1.3512520790100098,
      1.33114755153656,
      1.3266748189926147,
      1.3471276760101318,
      1.3337570428848267,
      1.3222370147705078,
      1.3220630884170532,
      1.3417322635650635,
      1.3141766786575317,
      1.3138351440429688,
      1.3245909214019775,
      1.307058572769165,
      1.3169918060302734,
      1.3069790601730347,
      1.3094481229782104,
      1.3142549991607666,
      1.3145173788070679,
      1.2948204278945923,
      1.3125005960464478,
      1.295261025428772,
      1.2847015857696533,
      1.2914586067199707,
      1.305618405342102,
      1.2743504047393799,
      1.2797143459320068,
      1.2831790447235107,
      1.276322364807129,
      1.2729531526565552,
      1.2744474411010742,
      1.2743031978607178,
      1.2804723978042603,
      1.2863060235977173,
      1.269066572189331,
      1.279964566230774,
      1.273611068725586,
      1.263832449913025,
      1.2621182203292847,
      1.2567840814590454,
      1.2926870584487915,
      1.2520713806152344,
      1.2703211307525635,
      1.2566277980804443,
      1.2770127058029175,
      1.2512140274047852,
      1.2470234632492065,
      1.258141279220581
    ],
    "test_acc": [
      23,
      29,
      30,
      31,
      33,
      34,
      35,
      38,
      40,
      41,
      41,
      43,
      43,
      44,
      44,
      44,
      45,
      45,
      45,
      47,
      46,
      46,
      46,
      48,
      48,
      48,
      49,
      48,
      48,
      49,
      49,
      49,
      50,
      50,
      50,
      50,
      50,
      50,
      51,
      51,
      51,
      50,
      50,
      51,
      50,
      51,
      51,
      52,
      52,
      51,
      53,
      52,
      53,
      53,
      52,
      53,
      54,
      52,
      53,
      53,
      53,
      53,
      53,
      53,
      52,
      53,
      53,
      54,
      53,
      53,
      53,
      53,
      53,
      54,
      54,
      54,
      53,
      55,
      55,
      54,
      55,
      55,
      55,
      54,
      55,
      55,
      54,
      54,
      55,
      55,
      55,
      55,
      54,
      55,
      55,
      55,
      55,
      55,
      56,
      55
    ]
  }
}