{
  "config": {
    "run_name": "exp1_2_L8_K32",
    "out_dir": "./results",
    "seed": 1540128465,
    "bs_train": 32,
    "bs_test": 8,
    "batches": 100,
    "epochs": 100,
    "early_stopping": 3,
    "checkpoints": null,
    "lr": 1e-05,
    "reg": 0.001,
    "filters_per_layer": [
      32
    ],
    "layers_per_block": 8,
    "pool_every": 4,
    "hidden_dims": [
      256
    ],
    "ycn": false,
    "kw": {}
  },
  "results": {
    "num_epochs": 0,
    "train_loss": [
      2.3026726245880127,
      2.3018457889556885,
      2.121320962905884,
      1.9919580221176147,
      1.9656702280044556,
      1.9453938007354736,
      1.9259729385375977,
      1.9045313596725464,
      1.8822250366210938,
      1.8580653667449951,
      1.8308759927749634,
      1.8048216104507446,
      1.7780767679214478,
      1.7554363012313843,
      1.7343510389328003,
      1.7160824537277222,
      1.695848822593689,
      1.678514838218689,
      1.6618804931640625,
      1.6431403160095215,
      1.6311975717544556,
      1.6133860349655151,
      1.6005498170852661,
      1.5908911228179932,
      1.5726624727249146,
      1.5661563873291016,
      1.5548979043960571,
      1.5426863431930542,
      1.532918930053711,
      1.5259329080581665,
      1.5146839618682861,
      1.509543776512146,
      1.502569317817688,
      1.4898440837860107,
      1.4877405166625977,
      1.4791978597640991,
      1.4694157838821411,
      1.4637866020202637,
      1.45703125,
      1.449389934539795,
      1.4445394277572632,
      1.4396559000015259,
      1.4328229427337646,
      1.4253389835357666,
      1.4191752672195435,
      1.412233829498291,
      1.4059174060821533,
      1.398625135421753,
      1.3948744535446167,
      1.388993263244629,
      1.3821794986724854,
      1.3750077486038208,
      1.3746049404144287,
      1.3668605089187622,
      1.3603509664535522,
      1.357321858406067,
      1.3504321575164795,
      1.3436472415924072,
      1.3381128311157227,
      1.3337767124176025,
      1.3313161134719849,
      1.3253905773162842,
      1.316066026687622,
      1.3140687942504883,
      1.3096495866775513,
      1.3041750192642212,
      1.299518346786499,
      1.2966264486312866,
      1.29140043258667,
      1.2844688892364502,
      1.2824002504348755,
      1.273782730102539,
      1.272827386856079,
      1.2664748430252075,
      1.2646396160125732,
      1.2573786973953247,
      1.2546355724334717,
      1.2479132413864136,
      1.2449429035186768,
      1.2383288145065308,
      1.233912706375122,
      1.228702425956726,
      1.2243248224258423,
      1.220389723777771,
      1.22097909450531,
      1.2076793909072876,
      1.2081568241119385,
      1.2021269798278809,
      1.197159767150879,
      1.194065809249878,
      1.1876949071884155,
      1.1859716176986694,
      1.183046817779541,
      1.1775695085525513,
      1.1701545715332031,
      1.1682343482971191,
      1.163086175918579,
      1.159256935119629,
      1.155623197555542,
      1.1522760391235352
    ],
    "train_acc": [
      9,
      12,
      23,
      27,
      27,
      28,
      29,
      30,
      32,
      33,
      34,
      35,
      36,
      37,
      38,
      38,
      39,
      40,
      41,
      42,
      42,
      43,
      43,
      43,
      44,
      44,
      44,
      45,
      45,
      45,
      46,
      46,
      46,
      47,
      47,
      47,
      48,
      48,
      48,
      49,
      48,
      49,
      49,
      49,
      49,
      50,
      50,
      50,
      50,
      50,
      51,
      51,
      51,
      51,
      51,
      52,
      52,
      52,
      52,
      52,
      53,
      53,
      53,
      53,
      53,
      53,
      54,
      54,
      54,
      54,
      54,
      54,
      54,
      55,
      55,
      55,
      55,
      55,
      55,
      56,
      56,
      56,
      56,
      56,
      57,
      57,
      57,
      57,
      57,
      58,
      58,
      58,
      58,
      58,
      59,
      58,
      59,
      58,
      59,
      59
    ],
    "test_loss": [
      2.30253005027771,
      2.297330141067505,
      2.0121591091156006,
      1.9890742301940918,
      1.958970546722412,
      1.9463683366775513,
      1.914815902709961,
      1.9029794931411743,
      1.877750039100647,
      1.852021336555481,
      1.8376832008361816,
      1.8133727312088013,
      1.7754366397857666,
      1.7530157566070557,
      1.7399781942367554,
      1.7233498096466064,
      1.7024202346801758,
      1.6799006462097168,
      1.6868014335632324,
      1.6702717542648315,
      1.647314429283142,
      1.6414295434951782,
      1.6191009283065796,
      1.6070250272750854,
      1.6054009199142456,
      1.5921586751937866,
      1.5821634531021118,
      1.5712544918060303,
      1.573762059211731,
      1.5644804239273071,
      1.552431583404541,
      1.5751445293426514,
      1.5378557443618774,
      1.546584129333496,
      1.5434988737106323,
      1.5319288969039917,
      1.534279227256775,
      1.5345748662948608,
      1.5073301792144775,
      1.5131217241287231,
      1.523242473602295,
      1.5054361820220947,
      1.5066323280334473,
      1.4982749223709106,
      1.5116041898727417,
      1.488490104675293,
      1.4849703311920166,
      1.481547236442566,
      1.483566403388977,
      1.4782023429870605,
      1.4746419191360474,
      1.4683939218521118,
      1.49192476272583,
      1.4953339099884033,
      1.463990569114685,
      1.4619218111038208,
      1.4986135959625244,
      1.4792073965072632,
      1.475999355316162,
      1.4601800441741943,
      1.4855209589004517,
      1.4607044458389282,
      1.4464588165283203,
      1.4531010389328003,
      1.4570941925048828,
      1.4449950456619263,
      1.4653637409210205,
      1.4433588981628418,
      1.4477369785308838,
      1.4478707313537598,
      1.442292332649231,
      1.455270528793335,
      1.4437973499298096,
      1.432877779006958,
      1.4316744804382324,
      1.436885118484497,
      1.4369970560073853,
      1.4428129196166992,
      1.4442473649978638,
      1.4259051084518433,
      1.4285095930099487,
      1.44036066532135,
      1.4336040019989014,
      1.4371025562286377,
      1.4293725490570068,
      1.437113881111145,
      1.4373159408569336,
      1.4499573707580566,
      1.4450136423110962,
      1.4292298555374146,
      1.4277390241622925,
      1.4178577661514282,
      1.4168940782546997,
      1.4387555122375488,
      1.4189879894256592,
      1.4425716400146484,
      1.4236756563186646,
      1.4308841228485107,
      1.4232345819473267,
      1.4339358806610107
    ],
    "test_acc": [
      9,
      16,
      26,
      27,
      29,
      29,
      31,
      32,
      33,
      33,
      34,
      35,
      37,
      38,
      39,
      40,
      40,
      41,
      40,
      41,
      42,
      42,
      43,
      43,
      43,
      44,
      45,
      44,
      44,
      44,
      45,
      44,
      46,
      45,
      46,
      46,
      46,
      47,
      47,
      46,
      47,
      47,
      47,
      47,
      47,
      47,
      48,
      47,
      47,
      48,
      48,
      48,
      47,
      47,
      49,
      49,
      47,
      48,
      47,
      49,
      48,
      48,
      49,
      49,
      48,
      49,
      49,
      49,
      50,
      49,
      49,
      48,
      49,
      49,
      50,
      50,
      49,
      49,
      49,
      50,
      49,
      49,
      49,
      50,
      50,
      49,
      49,
      48,
      50,
      49,
      49,
      49,
      50,
      49,
      50,
      49,
      50,
      50,
      50,
      50
    ]
  }
}