{
  "config": {
    "run_name": "exp1_1_K64_L4",
    "out_dir": "./results",
    "seed": 194837541,
    "bs_train": 32,
    "bs_test": 8,
    "batches": 100,
    "epochs": 100,
    "early_stopping": 3,
    "checkpoints": null,
    "lr": 1e-05,
    "reg": 0.001,
    "filters_per_layer": [
      64
    ],
    "layers_per_block": 4,
    "pool_every": 2,
    "hidden_dims": [
      256
    ],
    "ycn": false,
    "kw": {}
  },
  "results": {
    "num_epochs": 0,
    "train_loss": [
      2.2821497917175293,
      2.0477471351623535,
      1.9604243040084839,
      1.9214811325073242,
      1.879123568534851,
      1.8346209526062012,
      1.7852613925933838,
      1.7369049787521362,
      1.696582317352295,
      1.6594685316085815,
      1.6292903423309326,
      1.60657799243927,
      1.5830745697021484,
      1.5644093751907349,
      1.548851728439331,
      1.5310425758361816,
      1.5196948051452637,
      1.5057176351547241,
      1.4931730031967163,
      1.4818257093429565,
      1.4711745977401733,
      1.4626140594482422,
      1.451259970664978,
      1.440866470336914,
      1.432498574256897,
      1.4230386018753052,
      1.4136019945144653,
      1.4095427989959717,
      1.39871346950531,
      1.392756700515747,
      1.3841338157653809,
      1.3752459287643433,
      1.3692421913146973,
      1.3629870414733887,
      1.3539037704467773,
      1.349094271659851,
      1.3415050506591797,
      1.3336631059646606,
      1.3280218839645386,
      1.3190077543258667,
      1.3121517896652222,
      1.307619333267212,
      1.3043664693832397,
      1.2968940734863281,
      1.2865662574768066,
      1.2822761535644531,
      1.2777117490768433,
      1.2696864604949951,
      1.2636693716049194,
      1.2586450576782227,
      1.249518632888794,
      1.245492935180664,
      1.2409204244613647,
      1.2345967292785645,
      1.2276792526245117,
      1.2241690158843994,
      1.2190122604370117,
      1.2123303413391113,
      1.2065601348876953,
      1.198327898979187,
      1.1945075988769531,
      1.1867170333862305,
      1.184979796409607,
      1.1754519939422607,
      1.1720830202102661,
      1.1653571128845215,
      1.1615641117095947,
      1.1589118242263794,
      1.1484837532043457,
      1.1444212198257446,
      1.138562798500061,
      1.1347291469573975,
      1.128420352935791,
      1.1238242387771606,
      1.1209288835525513,
      1.1113064289093018,
      1.1126195192337036,
      1.1070069074630737,
      1.100752592086792,
      1.0926893949508667,
      1.087842345237732,
      1.0860909223556519,
      1.0811047554016113,
      1.0741039514541626,
      1.0676246881484985,
      1.0651655197143555,
      1.0615050792694092,
      1.0525085926055908,
      1.0493783950805664,
      1.0448020696640015,
      1.0417876243591309,
      1.0345247983932495,
      1.0304404497146606,
      1.0263501405715942,
      1.0202199220657349,
      1.0153424739837646,
      1.0111898183822632,
      1.0060818195343018,
      1.0032033920288086,
      0.9987877607345581
    ],
    "train_acc": [
      13,
      26,
      29,
      30,
      33,
      34,
      36,
      38,
      40,
      41,
      42,
      42,
      43,
      44,
      45,
      45,
      46,
      46,
      47,
      47,
      48,
      48,
      48,
      49,
      48,
      49,
      49,
      50,
      50,
      51,
      51,
      51,
      51,
      51,
      52,
      52,
      52,
      52,
      52,
      53,
      53,
      53,
      53,
      54,
      54,
      54,
      54,
      55,
      55,
      55,
      55,
      56,
      56,
      56,
      56,
      56,
      57,
      57,
      57,
      57,
      58,
      58,
      58,
      58,
      58,
      59,
      59,
      59,
      59,
      59,
      60,
      59,
      60,
      60,
      60,
      60,
      60,
      61,
      61,
      61,
      62,
      61,
      61,
      62,
      62,
      62,
      62,
      63,
      63,
      63,
      63,
      64,
      63,
      63,
      64,
      64,
      64,
      64,
      65,
      65
    ],
    "test_loss": [
      2.193415641784668,
      1.984287142753601,
      1.94187331199646,
      1.9045687913894653,
      1.8702949285507202,
      1.8229694366455078,
      1.7808897495269775,
      1.7376370429992676,
      1.6982722282409668,
      1.6675125360488892,
      1.6383839845657349,
      1.6202116012573242,
      1.5967720746994019,
      1.585059404373169,
      1.5765892267227173,
      1.5624582767486572,
      1.543768048286438,
      1.5264991521835327,
      1.5159168243408203,
      1.5094215869903564,
      1.5058103799819946,
      1.4916380643844604,
      1.493693470954895,
      1.4780277013778687,
      1.4667820930480957,
      1.4654215574264526,
      1.471149206161499,
      1.4531617164611816,
      1.4610029458999634,
      1.447713851928711,
      1.4376575946807861,
      1.4324859380722046,
      1.4340639114379883,
      1.43424654006958,
      1.4148858785629272,
      1.4256402254104614,
      1.4160692691802979,
      1.403363585472107,
      1.4135758876800537,
      1.4105033874511719,
      1.3926156759262085,
      1.3903450965881348,
      1.386828899383545,
      1.3752784729003906,
      1.38079833984375,
      1.3704806566238403,
      1.3820257186889648,
      1.3782262802124023,
      1.3767942190170288,
      1.3585693836212158,
      1.3555150032043457,
      1.3646039962768555,
      1.3455023765563965,
      1.342038869857788,
      1.3458796739578247,
      1.3473821878433228,
      1.3321754932403564,
      1.3519777059555054,
      1.3551514148712158,
      1.329787015914917,
      1.3214529752731323,
      1.3345273733139038,
      1.3370357751846313,
      1.3344051837921143,
      1.3244647979736328,
      1.3315966129302979,
      1.321014165878296,
      1.310563564300537,
      1.2988317012786865,
      1.3123751878738403,
      1.3177088499069214,
      1.2999804019927979,
      1.315266728401184,
      1.2997865676879883,
      1.3007177114486694,
      1.2956428527832031,
      1.3053354024887085,
      1.304307460784912,
      1.2810685634613037,
      1.295657753944397,
      1.2760862112045288,
      1.2881758213043213,
      1.2843596935272217,
      1.2910399436950684,
      1.2724486589431763,
      1.2714734077453613,
      1.2756074666976929,
      1.2945618629455566,
      1.2760708332061768,
      1.2779595851898193,
      1.2769145965576172,
      1.2816365957260132,
      1.2753114700317383,
      1.2751046419143677,
      1.2700588703155518,
      1.2799859046936035,
      1.274393081665039,
      1.2709250450134277,
      1.2713018655776978,
      1.2667697668075562
    ],
    "test_acc": [
      25,
      29,
      31,
      33,
      34,
      35,
      38,
      38,
      41,
      41,
      42,
      42,
      44,
      44,
      44,
      44,
      45,
      45,
      45,
      46,
      46,
      46,
      46,
      47,
      47,
      47,
      47,
      48,
      47,
      48,
      48,
      49,
      49,
      49,
      49,
      50,
      50,
      50,
      49,
      50,
      51,
      51,
      52,
      52,
      52,
      52,
      52,
      51,
      52,
      53,
      52,
      52,
      53,
      54,
      53,
      53,
      53,
      52,
      53,
      53,
      54,
      53,
      53,
      53,
      54,
      53,
      54,
      54,
      55,
      53,
      54,
      55,
      54,
      54,
      54,
      55,
      54,
      54,
      55,
      55,
      55,
      55,
      55,
      55,
      56,
      55,
      55,
      55,
      56,
      55,
      55,
      56,
      56,
      56,
      55,
      56,
      56,
      56,
      55,
      57
    ]
  }
}