{
  "config": {
    "run_name": "exp1_2_L4_K128",
    "out_dir": "./results",
    "seed": 567746604,
    "bs_train": 32,
    "bs_test": 8,
    "batches": 100,
    "epochs": 100,
    "early_stopping": 3,
    "checkpoints": null,
    "lr": 1e-05,
    "reg": 0.001,
    "filters_per_layer": [
      128
    ],
    "layers_per_block": 4,
    "pool_every": 2,
    "hidden_dims": [
      256
    ],
    "ycn": false,
    "kw": {}
  },
  "results": {
    "num_epochs": 0,
    "train_loss": [
      2.1813156604766846,
      1.9631679058074951,
      1.8937774896621704,
      1.797102689743042,
      1.708534836769104,
      1.6473562717437744,
      1.6040493249893188,
      1.5692768096923828,
      1.5402263402938843,
      1.5168805122375488,
      1.4957232475280762,
      1.4799681901931763,
      1.4653513431549072,
      1.451325535774231,
      1.437576174736023,
      1.424060583114624,
      1.4117560386657715,
      1.3977633714675903,
      1.3877582550048828,
      1.3778499364852905,
      1.3641401529312134,
      1.3526402711868286,
      1.3394238948822021,
      1.3301054239273071,
      1.320271611213684,
      1.3085792064666748,
      1.2960342168807983,
      1.2828044891357422,
      1.2717185020446777,
      1.2586017847061157,
      1.2469178438186646,
      1.2342286109924316,
      1.2244185209274292,
      1.2103500366210938,
      1.2007946968078613,
      1.1873791217803955,
      1.1828224658966064,
      1.1686201095581055,
      1.1602407693862915,
      1.1437209844589233,
      1.138942837715149,
      1.1247926950454712,
      1.115216612815857,
      1.1079996824264526,
      1.099207878112793,
      1.0859228372573853,
      1.0796241760253906,
      1.070979356765747,
      1.0564438104629517,
      1.0459961891174316,
      1.0425080060958862,
      1.031044363975525,
      1.024725317955017,
      1.0146479606628418,
      1.0076712369918823,
      0.9968457818031311,
      0.9887230396270752,
      0.9802867770195007,
      0.970917284488678,
      0.961452841758728,
      0.9526273608207703,
      0.9451413750648499,
      0.9367313385009766,
      0.9257764220237732,
      0.9199997186660767,
      0.9129105806350708,
      0.9065940380096436,
      0.8939663767814636,
      0.8845809102058411,
      0.8768507242202759,
      0.8672028183937073,
      0.8556653261184692,
      0.853310763835907,
      0.845206618309021,
      0.8335736989974976,
      0.8256394863128662,
      0.8188378214836121,
      0.8068072199821472,
      0.7950208783149719,
      0.7895534634590149,
      0.7831530570983887,
      0.7710816860198975,
      0.7672350406646729,
      0.7570784687995911,
      0.7490031719207764,
      0.7446637153625488,
      0.7288867235183716,
      0.7246748208999634,
      0.7205652594566345,
      0.7137930989265442,
      0.6967514753341675,
      0.6904985308647156,
      0.6769094467163086,
      0.6738073825836182,
      0.6660791635513306,
      0.6561019420623779,
      0.6482445597648621,
      0.6409270167350769,
      0.6290279626846313,
      0.6184667348861694
    ],
    "train_acc": [
      20,
      29,
      32,
      36,
      39,
      41,
      43,
      44,
      45,
      46,
      47,
      46,
      47,
      48,
      48,
      49,
      49,
      50,
      50,
      50,
      51,
      52,
      52,
      52,
      52,
      53,
      53,
      54,
      54,
      55,
      55,
      55,
      56,
      56,
      57,
      57,
      57,
      58,
      58,
      59,
      59,
      60,
      60,
      61,
      60,
      61,
      61,
      61,
      62,
      63,
      62,
      63,
      63,
      64,
      64,
      64,
      65,
      65,
      66,
      66,
      66,
      66,
      67,
      67,
      67,
      68,
      68,
      69,
      69,
      69,
      70,
      70,
      70,
      70,
      71,
      71,
      71,
      71,
      72,
      72,
      73,
      73,
      73,
      74,
      74,
      74,
      74,
      74,
      75,
      75,
      76,
      76,
      76,
      77,
      77,
      77,
      77,
      78,
      79,
      79
    ],
    "test_loss": [
      2.0120127201080322,
      1.9291784763336182,
      1.8515574932098389,
      1.7663196325302124,
      1.6807500123977661,
      1.6363414525985718,
      1.617854118347168,
      1.5737037658691406,
      1.5783385038375854,
      1.544238567352295,
      1.5221415758132935,
      1.4954475164413452,
      1.499018669128418,
      1.478868842124939,
      1.4667012691497803,
      1.4666587114334106,
      1.4492944478988647,
      1.4746263027191162,
      1.4226683378219604,
      1.4217431545257568,
      1.4094969034194946,
      1.4184186458587646,
      1.3892942667007446,
      1.3933238983154297,
      1.4013842344284058,
      1.372873306274414,
      1.3676499128341675,
      1.3608158826828003,
      1.3696820735931396,
      1.3523231744766235,
      1.3472788333892822,
      1.3288666009902954,
      1.3317625522613525,
      1.3311747312545776,
      1.308132290840149,
      1.2961909770965576,
      1.3024731874465942,
      1.2864028215408325,
      1.286028504371643,
      1.2815748453140259,
      1.2722278833389282,
      1.2874659299850464,
      1.2835582494735718,
      1.2677370309829712,
      1.247822880744934,
      1.264060139656067,
      1.2560070753097534,
      1.2375911474227905,
      1.2295366525650024,
      1.2349187135696411,
      1.2381075620651245,
      1.224926233291626,
      1.2176185846328735,
      1.220643162727356,
      1.2182029485702515,
      1.2202919721603394,
      1.2240668535232544,
      1.2164095640182495,
      1.2021129131317139,
      1.2226110696792603,
      1.20090913772583,
      1.2077265977859497,
      1.197758436203003,
      1.2156195640563965,
      1.200179934501648,
      1.2104885578155518,
      1.197485089302063,
      1.2109899520874023,
      1.1834602355957031,
      1.1878477334976196,
      1.207613468170166,
      1.1791740655899048,
      1.208155632019043,
      1.2207368612289429,
      1.2051546573638916,
      1.1792446374893188,
      1.191908359527588,
      1.217777967453003,
      1.2089941501617432,
      1.18704092502594,
      1.1940420866012573,
      1.2171369791030884,
      1.2038640975952148,
      1.186577558517456,
      1.195287823677063,
      1.1857142448425293,
      1.2351628541946411,
      1.191795825958252,
      1.1937880516052246,
      1.19118332862854,
      1.19297194480896,
      1.2110501527786255,
      1.201343059539795,
      1.2189844846725464,
      1.2369991540908813,
      1.2105083465576172,
      1.228963851928711,
      1.2286096811294556,
      1.2315280437469482,
      1.2347402572631836
    ],
    "test_acc": [
      28,
      31,
      33,
      38,
      41,
      42,
      42,
      43,
      44,
      44,
      45,
      47,
      46,
      47,
      47,
      47,
      48,
      47,
      49,
      49,
      50,
      50,
      50,
      51,
      50,
      51,
      51,
      52,
      51,
      52,
      53,
      52,
      53,
      53,
      55,
      54,
      54,
      54,
      53,
      53,
      55,
      54,
      54,
      55,
      55,
      55,
      55,
      56,
      56,
      56,
      56,
      56,
      57,
      56,
      57,
      56,
      57,
      57,
      57,
      57,
      57,
      57,
      57,
      56,
      58,
      57,
      57,
      57,
      58,
      58,
      58,
      58,
      57,
      57,
      58,
      58,
      58,
      57,
      57,
      58,
      58,
      58,
      58,
      59,
      58,
      59,
      58,
      59,
      59,
      59,
      59,
      58,
      59,
      58,
      59,
      59,
      59,
      60,
      59,
      59
    ]
  }
}