{
  "config": {
    "run_name": "exp1_3_L1_K64-128-256",
    "out_dir": "./results",
    "seed": 171736249,
    "bs_train": 32,
    "bs_test": 8,
    "batches": 100,
    "epochs": 100,
    "early_stopping": 3,
    "checkpoints": null,
    "lr": 1e-05,
    "reg": 0.001,
    "filters_per_layer": [
      64,
      128,
      256
    ],
    "layers_per_block": 1,
    "pool_every": 1,
    "hidden_dims": [
      256
    ],
    "ycn": false,
    "kw": {}
  },
  "results": {
    "num_epochs": 0,
    "train_loss": [
      2.2738759517669678,
      2.063986301422119,
      1.9178931713104248,
      1.8384748697280884,
      1.785975456237793,
      1.7443264722824097,
      1.710902214050293,
      1.6810516119003296,
      1.6544336080551147,
      1.6337121725082397,
      1.6159374713897705,
      1.5963134765625,
      1.5805917978286743,
      1.5678483247756958,
      1.5530548095703125,
      1.5401995182037354,
      1.5305190086364746,
      1.5184240341186523,
      1.51103675365448,
      1.4988206624984741,
      1.4914140701293945,
      1.4803235530853271,
      1.4722291231155396,
      1.4635721445083618,
      1.4571936130523682,
      1.4496396780014038,
      1.4391248226165771,
      1.4305438995361328,
      1.4233821630477905,
      1.4135055541992188,
      1.408534049987793,
      1.3995354175567627,
      1.3919241428375244,
      1.3846031427383423,
      1.3770521879196167,
      1.3730086088180542,
      1.3648269176483154,
      1.3557007312774658,
      1.3493103981018066,
      1.3430901765823364,
      1.3365347385406494,
      1.327120304107666,
      1.3255647420883179,
      1.3169142007827759,
      1.3124935626983643,
      1.3066191673278809,
      1.300383448600769,
      1.2950559854507446,
      1.2932618856430054,
      1.284468173980713,
      1.2808376550674438,
      1.276056170463562,
      1.2710124254226685,
      1.2657235860824585,
      1.258774757385254,
      1.2542133331298828,
      1.2507468461990356,
      1.2444533109664917,
      1.242181658744812,
      1.2374002933502197,
      1.2319772243499756,
      1.2275092601776123,
      1.2241170406341553,
      1.221582293510437,
      1.2154264450073242,
      1.2116520404815674,
      1.206324815750122,
      1.2017830610275269,
      1.199196696281433,
      1.196268081665039,
      1.1919169425964355,
      1.186605453491211,
      1.1839323043823242,
      1.1789803504943848,
      1.1753686666488647,
      1.172273874282837,
      1.1664100885391235,
      1.1646620035171509,
      1.1590784788131714,
      1.157177448272705,
      1.151761531829834,
      1.147681713104248,
      1.1444892883300781,
      1.1392210721969604,
      1.1374244689941406,
      1.1323223114013672,
      1.1326500177383423,
      1.1271119117736816,
      1.1238868236541748,
      1.1179413795471191,
      1.1155394315719604,
      1.1116479635238647,
      1.1055583953857422,
      1.1033378839492798,
      1.0985010862350464,
      1.0967682600021362,
      1.0942974090576172,
      1.09127676486969,
      1.0881567001342773,
      1.082542896270752
    ],
    "train_acc": [
      16,
      27,
      31,
      34,
      36,
      37,
      38,
      39,
      40,
      41,
      42,
      42,
      43,
      43,
      43,
      44,
      44,
      45,
      45,
      46,
      46,
      46,
      46,
      47,
      47,
      48,
      48,
      48,
      49,
      49,
      49,
      49,
      49,
      50,
      50,
      50,
      51,
      51,
      51,
      52,
      52,
      52,
      52,
      52,
      52,
      53,
      53,
      54,
      53,
      54,
      54,
      54,
      54,
      54,
      55,
      55,
      55,
      55,
      55,
      56,
      56,
      56,
      56,
      56,
      57,
      57,
      57,
      57,
      57,
      57,
      57,
      58,
      58,
      58,
      58,
      58,
      58,
      58,
      58,
      58,
      59,
      59,
      59,
      59,
      60,
      59,
      59,
      60,
      59,
      60,
      60,
      60,
      61,
      61,
      60,
      61,
      61,
      61,
      61,
      61
    ],
    "test_loss": [
      2.19852352142334,
      1.9758650064468384,
      1.878618836402893,
      1.8193490505218506,
      1.7736486196517944,
      1.739754319190979,
      1.7135494947433472,
      1.6825222969055176,
      1.6701442003250122,
      1.6403818130493164,
      1.6293171644210815,
      1.6129882335662842,
      1.5974161624908447,
      1.5912563800811768,
      1.5753892660140991,
      1.5592749118804932,
      1.5495368242263794,
      1.5397636890411377,
      1.5282701253890991,
      1.5245001316070557,
      1.5285484790802002,
      1.5082131624221802,
      1.4996387958526611,
      1.4946280717849731,
      1.480584979057312,
      1.4758515357971191,
      1.471235990524292,
      1.4644784927368164,
      1.4604841470718384,
      1.4554363489151,
      1.4428991079330444,
      1.4433420896530151,
      1.4260796308517456,
      1.421230435371399,
      1.4141156673431396,
      1.4018114805221558,
      1.415686845779419,
      1.3915560245513916,
      1.3884682655334473,
      1.3842930793762207,
      1.38243567943573,
      1.3904321193695068,
      1.367994785308838,
      1.3603652715682983,
      1.3619506359100342,
      1.3514046669006348,
      1.358970046043396,
      1.3697288036346436,
      1.3402042388916016,
      1.3441081047058105,
      1.3282766342163086,
      1.3439862728118896,
      1.33998441696167,
      1.3297523260116577,
      1.318953275680542,
      1.3399808406829834,
      1.3081575632095337,
      1.3138066530227661,
      1.3073878288269043,
      1.307026982307434,
      1.3011054992675781,
      1.302971363067627,
      1.29075288772583,
      1.2924803495407104,
      1.3102140426635742,
      1.283324956893921,
      1.2778126001358032,
      1.2837964296340942,
      1.2783783674240112,
      1.2739918231964111,
      1.2724248170852661,
      1.2708899974822998,
      1.262068271636963,
      1.2752047777175903,
      1.258762001991272,
      1.2651524543762207,
      1.2598178386688232,
      1.2651301622390747,
      1.2570292949676514,
      1.2475701570510864,
      1.2433841228485107,
      1.249780535697937,
      1.2464624643325806,
      1.239824891090393,
      1.237130880355835,
      1.24210786819458,
      1.2383475303649902,
      1.233925223350525,
      1.2364782094955444,
      1.230527400970459,
      1.2236679792404175,
      1.2231539487838745,
      1.2188827991485596,
      1.22793710231781,
      1.2225269079208374,
      1.2198848724365234,
      1.223421335220337,
      1.209716796875,
      1.2134069204330444,
      1.2040764093399048
    ],
    "test_acc": [
      26,
      31,
      34,
      36,
      38,
      38,
      38,
      40,
      42,
      41,
      42,
      42,
      43,
      42,
      42,
      44,
      44,
      45,
      45,
      44,
      45,
      47,
      46,
      47,
      46,
      46,
      47,
      48,
      48,
      47,
      48,
      48,
      49,
      49,
      49,
      50,
      49,
      50,
      51,
      50,
      51,
      51,
      52,
      52,
      51,
      51,
      51,
      51,
      52,
      52,
      53,
      53,
      53,
      53,
      53,
      52,
      53,
      53,
      53,
      53,
      53,
      54,
      54,
      54,
      53,
      54,
      54,
      54,
      55,
      54,
      55,
      55,
      55,
      54,
      55,
      55,
      55,
      55,
      55,
      56,
      55,
      55,
      56,
      56,
      56,
      55,
      56,
      56,
      55,
      56,
      56,
      56,
      56,
      56,
      56,
      57,
      56,
      56,
      57,
      56
    ]
  }
}