{
  "config": {
    "run_name": "exp1_3_L2_K64-128-256",
    "out_dir": "./results",
    "seed": 167657977,
    "bs_train": 32,
    "bs_test": 8,
    "batches": 100,
    "epochs": 100,
    "early_stopping": 3,
    "checkpoints": null,
    "lr": 1e-05,
    "reg": 0.001,
    "filters_per_layer": [
      64,
      128,
      256
    ],
    "layers_per_block": 2,
    "pool_every": 2,
    "hidden_dims": [
      256
    ],
    "ycn": false,
    "kw": {}
  },
  "results": {
    "num_epochs": 0,
    "train_loss": [
      2.232391357421875,
      2.004061460494995,
      1.9512602090835571,
      1.8795127868652344,
      1.818441390991211,
      1.7656539678573608,
      1.7250726222991943,
      1.6806728839874268,
      1.6560183763504028,
      1.6311943531036377,
      1.6167800426483154,
      1.5941359996795654,
      1.5782119035720825,
      1.5606329441070557,
      1.5431938171386719,
      1.538207769393921,
      1.5188803672790527,
      1.509490728378296,
      1.4979087114334106,
      1.4822547435760498,
      1.4722288846969604,
      1.4594581127166748,
      1.4484208822250366,
      1.4387836456298828,
      1.4281158447265625,
      1.4182283878326416,
      1.4070981740951538,
      1.3990522623062134,
      1.385879397392273,
      1.383819818496704,
      1.3733580112457275,
      1.3633205890655518,
      1.354488730430603,
      1.345243215560913,
      1.336373209953308,
      1.3313668966293335,
      1.3257064819335938,
      1.3201658725738525,
      1.3115119934082031,
      1.3037948608398438,
      1.2957122325897217,
      1.2870932817459106,
      1.2792879343032837,
      1.2745146751403809,
      1.266999363899231,
      1.2602331638336182,
      1.2558801174163818,
      1.2479830980300903,
      1.2444896697998047,
      1.2360986471176147,
      1.2259860038757324,
      1.2207729816436768,
      1.212977647781372,
      1.2072181701660156,
      1.203083872795105,
      1.192645788192749,
      1.1859798431396484,
      1.1798206567764282,
      1.1738098859786987,
      1.1694583892822266,
      1.1622955799102783,
      1.1555544137954712,
      1.149066686630249,
      1.143647313117981,
      1.1430526971817017,
      1.1358283758163452,
      1.1239219903945923,
      1.1172597408294678,
      1.1128387451171875,
      1.1106319427490234,
      1.0966013669967651,
      1.0921168327331543,
      1.0883013010025024,
      1.0824757814407349,
      1.0722395181655884,
      1.0725901126861572,
      1.056359052658081,
      1.048964500427246,
      1.0505043268203735,
      1.0391626358032227,
      1.0338653326034546,
      1.0329952239990234,
      1.024341106414795,
      1.013460397720337,
      1.0070806741714478,
      1.003879189491272,
      0.9970130324363708,
      0.9902849793434143,
      0.9802687168121338,
      0.9754101634025574,
      0.9685419201850891,
      0.9637724757194519,
      0.9528321623802185,
      0.9531553387641907,
      0.9427218437194824,
      0.9362753629684448,
      0.92930668592453,
      0.9272788166999817,
      0.913784921169281,
      0.9123145341873169
    ],
    "train_acc": [
      15,
      25,
      27,
      31,
      33,
      35,
      37,
      38,
      40,
      40,
      41,
      42,
      42,
      43,
      43,
      44,
      45,
      45,
      46,
      46,
      46,
      47,
      47,
      48,
      48,
      48,
      49,
      49,
      50,
      50,
      50,
      50,
      51,
      51,
      51,
      52,
      52,
      52,
      52,
      53,
      53,
      53,
      53,
      54,
      54,
      55,
      55,
      55,
      55,
      55,
      56,
      56,
      56,
      56,
      57,
      57,
      57,
      57,
      58,
      58,
      58,
      58,
      59,
      59,
      59,
      59,
      60,
      60,
      60,
      60,
      61,
      61,
      61,
      61,
      62,
      62,
      62,
      63,
      62,
      63,
      63,
      63,
      63,
      64,
      64,
      64,
      64,
      65,
      65,
      65,
      66,
      65,
      66,
      66,
      66,
      67,
      67,
      67,
      67,
      67
    ],
    "test_loss": [
      2.045746088027954,
      1.977334976196289,
      1.9298593997955322,
      1.8997143507003784,
      1.8076430559158325,
      1.7735214233398438,
      1.7111682891845703,
      1.7060267925262451,
      1.6653368473052979,
      1.6336826086044312,
      1.6249500513076782,
      1.6044061183929443,
      1.594430685043335,
      1.5739713907241821,
      1.6008014678955078,
      1.574052333831787,
      1.546373963356018,
      1.5583568811416626,
      1.5261849164962769,
      1.50032377243042,
      1.4942153692245483,
      1.4987205266952515,
      1.49619722366333,
      1.4957596063613892,
      1.4567025899887085,
      1.460924744606018,
      1.4408248662948608,
      1.4420013427734375,
      1.437326431274414,
      1.4237439632415771,
      1.423449158668518,
      1.4232263565063477,
      1.4036847352981567,
      1.403960943222046,
      1.3885573148727417,
      1.4000883102416992,
      1.388819932937622,
      1.3748987913131714,
      1.3841315507888794,
      1.3636796474456787,
      1.355038046836853,
      1.3552156686782837,
      1.367574691772461,
      1.4314258098602295,
      1.3446840047836304,
      1.3548502922058105,
      1.3630940914154053,
      1.3345032930374146,
      1.3445045948028564,
      1.328204870223999,
      1.3527741432189941,
      1.3342981338500977,
      1.3267110586166382,
      1.3136543035507202,
      1.3379303216934204,
      1.3220182657241821,
      1.3026525974273682,
      1.3029272556304932,
      1.2929275035858154,
      1.3080744743347168,
      1.2871469259262085,
      1.2865290641784668,
      1.3024471998214722,
      1.2791513204574585,
      1.2872422933578491,
      1.2859505414962769,
      1.27203369140625,
      1.2904986143112183,
      1.2834769487380981,
      1.282936453819275,
      1.316041111946106,
      1.277755856513977,
      1.2547372579574585,
      1.270375370979309,
      1.2699122428894043,
      1.2602750062942505,
      1.2589439153671265,
      1.3031843900680542,
      1.2555992603302002,
      1.2538727521896362,
      1.2753194570541382,
      1.2707897424697876,
      1.2430577278137207,
      1.238610863685608,
      1.2489604949951172,
      1.2417446374893188,
      1.2509865760803223,
      1.2682429552078247,
      1.243762731552124,
      1.244124174118042,
      1.2544013261795044,
      1.2542579174041748,
      1.245622992515564,
      1.2576769590377808,
      1.2394192218780518,
      1.257409930229187,
      1.2591004371643066,
      1.2470567226409912,
      1.2512603998184204,
      1.2444536685943604
    ],
    "test_acc": [
      24,
      28,
      29,
      31,
      35,
      35,
      38,
      38,
      39,
      40,
      40,
      41,
      42,
      42,
      42,
      43,
      43,
      44,
      44,
      46,
      46,
      45,
      46,
      46,
      48,
      48,
      48,
      49,
      48,
      49,
      49,
      49,
      49,
      50,
      50,
      51,
      50,
      51,
      51,
      51,
      52,
      51,
      51,
      50,
      52,
      51,
      51,
      53,
      52,
      52,
      52,
      52,
      53,
      53,
      52,
      53,
      54,
      53,
      54,
      53,
      54,
      54,
      54,
      54,
      54,
      55,
      55,
      54,
      55,
      55,
      54,
      55,
      56,
      56,
      55,
      56,
      56,
      55,
      56,
      56,
      55,
      56,
      56,
      56,
      56,
      57,
      57,
      56,
      56,
      56,
      56,
      55,
      57,
      56,
      57,
      57,
      56,
      57,
      56,
      57
    ]
  }
}