{
  "config": {
    "run_name": "exp1_3_L3_K64-128-256",
    "out_dir": "./results",
    "seed": 539507881,
    "bs_train": 32,
    "bs_test": 8,
    "batches": 100,
    "epochs": 100,
    "early_stopping": 3,
    "checkpoints": null,
    "lr": 1e-05,
    "reg": 0.001,
    "filters_per_layer": [
      64,
      128,
      256
    ],
    "layers_per_block": 3,
    "pool_every": 3,
    "hidden_dims": [
      256
    ],
    "ycn": false,
    "kw": {}
  },
  "results": {
    "num_epochs": 0,
    "train_loss": [
      2.2443974018096924,
      2.0016250610351562,
      1.9516264200210571,
      1.8895419836044312,
      1.837436556816101,
      1.792328953742981,
      1.7649260759353638,
      1.7330219745635986,
      1.7142302989959717,
      1.6928800344467163,
      1.6765961647033691,
      1.6589958667755127,
      1.644142508506775,
      1.6289392709732056,
      1.6106581687927246,
      1.5994148254394531,
      1.5804119110107422,
      1.5698717832565308,
      1.5491777658462524,
      1.547266960144043,
      1.5280334949493408,
      1.5160125494003296,
      1.4990596771240234,
      1.4897077083587646,
      1.4780827760696411,
      1.4596259593963623,
      1.4540760517120361,
      1.4477026462554932,
      1.4262597560882568,
      1.4225059747695923,
      1.4050896167755127,
      1.395936369895935,
      1.3883229494094849,
      1.3768244981765747,
      1.3670543432235718,
      1.3628504276275635,
      1.3475943803787231,
      1.3430840969085693,
      1.32664155960083,
      1.3123244047164917,
      1.3198236227035522,
      1.3017622232437134,
      1.2894151210784912,
      1.283111333847046,
      1.266352653503418,
      1.2588392496109009,
      1.2518802881240845,
      1.2470155954360962,
      1.2421332597732544,
      1.2227600812911987,
      1.2147516012191772,
      1.2102413177490234,
      1.1978493928909302,
      1.1868973970413208,
      1.1849312782287598,
      1.1680792570114136,
      1.1602702140808105,
      1.1551183462142944,
      1.1444915533065796,
      1.1309304237365723,
      1.1210087537765503,
      1.1175692081451416,
      1.1101841926574707,
      1.0901527404785156,
      1.0864194631576538,
      1.0750030279159546,
      1.0627530813217163,
      1.0507539510726929,
      1.0434763431549072,
      1.0262813568115234,
      1.0204439163208008,
      1.0097631216049194,
      1.0030512809753418,
      0.9948335886001587,
      0.9836147427558899,
      0.9740266799926758,
      0.9568906426429749,
      0.9510753750801086,
      0.9406506419181824,
      0.9266422986984253,
      0.9151865839958191,
      0.9051583409309387,
      0.8953955173492432,
      0.8883021473884583,
      0.8661220669746399,
      0.8647396564483643,
      0.8506999611854553,
      0.8294488787651062,
      0.834525465965271,
      0.8121455907821655,
      0.8080938458442688,
      0.793329119682312,
      0.7745871543884277,
      0.7661796808242798,
      0.7456785440444946,
      0.7388922572135925,
      0.7293601036071777,
      0.7092041969299316,
      0.6941530704498291,
      0.6810358166694641
    ],
    "train_acc": [
      14,
      25,
      27,
      30,
      32,
      34,
      35,
      35,
      37,
      38,
      38,
      39,
      38,
      40,
      40,
      41,
      42,
      42,
      43,
      43,
      44,
      45,
      45,
      46,
      46,
      46,
      47,
      47,
      48,
      48,
      49,
      49,
      50,
      50,
      50,
      50,
      51,
      51,
      52,
      52,
      52,
      53,
      53,
      54,
      54,
      54,
      55,
      56,
      55,
      56,
      56,
      56,
      57,
      58,
      57,
      58,
      58,
      59,
      59,
      60,
      59,
      60,
      60,
      61,
      61,
      62,
      62,
      62,
      63,
      63,
      64,
      64,
      65,
      64,
      65,
      65,
      66,
      67,
      67,
      67,
      68,
      68,
      68,
      69,
      69,
      70,
      70,
      71,
      71,
      71,
      71,
      71,
      73,
      73,
      73,
      74,
      74,
      75,
      76,
      76
    ],
    "test_loss": [
      2.0428247451782227,
      1.9835922718048096,
      1.9277812242507935,
      1.858383059501648,
      1.8197355270385742,
      1.7913862466812134,
      1.7615654468536377,
      1.7214101552963257,
      1.7064027786254883,
      1.6872261762619019,
      1.6760663986206055,
      1.691910743713379,
      1.6414698362350464,
      1.6251612901687622,
      1.6045995950698853,
      1.6666481494903564,
      1.5904426574707031,
      1.6149097681045532,
      1.648869276046753,
      1.5720595121383667,
      1.5423535108566284,
      1.5370683670043945,
      1.5183181762695312,
      1.5098903179168701,
      1.51324462890625,
      1.512628197669983,
      1.4861928224563599,
      1.4899951219558716,
      1.4913438558578491,
      1.4953244924545288,
      1.5099282264709473,
      1.4413059949874878,
      1.4365546703338623,
      1.4403287172317505,
      1.4287787675857544,
      1.4522877931594849,
      1.4113109111785889,
      1.4265766143798828,
      1.4144132137298584,
      1.413041353225708,
      1.4158192873001099,
      1.4112365245819092,
      1.3975403308868408,
      1.3977986574172974,
      1.4257769584655762,
      1.404492974281311,
      1.3894754648208618,
      1.3638808727264404,
      1.387342095375061,
      1.3993157148361206,
      1.3642882108688354,
      1.3662933111190796,
      1.3830904960632324,
      1.3909131288528442,
      1.3578200340270996,
      1.3791013956069946,
      1.374111533164978,
      1.4119681119918823,
      1.385944128036499,
      1.3512195348739624,
      1.374952793121338,
      1.360053539276123,
      1.3668769598007202,
      1.3993678092956543,
      1.3623950481414795,
      1.3469587564468384,
      1.366348147392273,
      1.3904080390930176,
      1.3575966358184814,
      1.3749648332595825,
      1.3682852983474731,
      1.3803757429122925,
      1.3836052417755127,
      1.3942102193832397,
      1.3865054845809937,
      1.3824645280838013,
      1.4085650444030762,
      1.391846776008606,
      1.383981466293335,
      1.4407434463500977,
      1.4011601209640503,
      1.3993340730667114,
      1.391863226890564,
      1.4063142538070679,
      1.4428306818008423,
      1.4488556385040283,
      1.4451409578323364,
      1.4341069459915161,
      1.459265112876892,
      1.490124225616455,
      1.5080486536026,
      1.4891637563705444,
      1.4846948385238647,
      1.4998782873153687,
      1.5492033958435059,
      1.551077127456665,
      1.5499459505081177,
      1.5589319467544556,
      1.5815128087997437,
      1.5974632501602173
    ],
    "test_acc": [
      24,
      26,
      29,
      32,
      34,
      35,
      34,
      36,
      37,
      37,
      37,
      37,
      39,
      40,
      40,
      39,
      41,
      41,
      40,
      42,
      43,
      44,
      44,
      45,
      45,
      46,
      45,
      46,
      47,
      47,
      44,
      49,
      48,
      48,
      49,
      49,
      49,
      49,
      49,
      49,
      48,
      50,
      50,
      50,
      49,
      50,
      50,
      51,
      50,
      50,
      51,
      51,
      51,
      52,
      52,
      51,
      53,
      51,
      50,
      52,
      51,
      52,
      52,
      50,
      51,
      53,
      52,
      51,
      52,
      52,
      53,
      53,
      53,
      53,
      53,
      52,
      52,
      51,
      53,
      52,
      53,
      53,
      53,
      52,
      52,
      52,
      52,
      53,
      52,
      52,
      52,
      53,
      53,
      53,
      52,
      52,
      52,
      52,
      53,
      52
    ]
  }
}