{
  "config": {
    "run_name": "exp1_3_L4_K64-128-256",
    "out_dir": "./results",
    "seed": 2132668316,
    "bs_train": 32,
    "bs_test": 8,
    "batches": 100,
    "epochs": 100,
    "early_stopping": 3,
    "checkpoints": null,
    "lr": 1e-05,
    "reg": 0.001,
    "filters_per_layer": [
      64,
      128,
      256
    ],
    "layers_per_block": 4,
    "pool_every": 4,
    "hidden_dims": [
      256
    ],
    "ycn": false,
    "kw": {}
  },
  "results": {
    "num_epochs": 0,
    "train_loss": [
      2.3033602237701416,
      2.3029944896698,
      2.3027756214141846,
      2.3026254177093506,
      2.302504777908325,
      2.3025166988372803,
      2.302506446838379,
      2.3024797439575195,
      2.3024652004241943,
      2.302457094192505,
      2.3024518489837646,
      2.3024749755859375,
      2.302459239959717,
      2.302448272705078,
      2.3024356365203857,
      2.302431583404541,
      2.302428960800171,
      2.302429437637329,
      2.3024494647979736,
      2.302440881729126,
      2.30244517326355,
      2.3024253845214844,
      2.302415370941162,
      2.3024375438690186,
      2.3024096488952637,
      2.302410840988159,
      2.3024344444274902,
      2.3024168014526367,
      2.302410840988159,
      2.3024215698242188,
      2.302417039871216,
      2.302407741546631,
      2.30242919921875,
      2.302403211593628,
      2.302400827407837,
      2.30239200592041,
      2.3024089336395264,
      2.3024210929870605,
      2.302388906478882,
      2.302405595779419,
      2.302432060241699,
      2.3024017810821533,
      2.3024046421051025,
      2.3024072647094727,
      2.302417039871216,
      2.302408456802368,
      2.3024063110351562,
      2.3023979663848877,
      2.3024072647094727,
      2.302403450012207,
      2.3023858070373535,
      2.3023862838745117,
      2.3023929595947266,
      2.3023910522460938,
      2.302400588989258,
      2.302394151687622,
      2.302398681640625,
      2.3023879528045654,
      2.3024067878723145,
      2.302410840988159,
      2.3023934364318848,
      2.302388906478882,
      2.3023841381073,
      2.3023993968963623,
      2.3023853302001953,
      2.3023908138275146,
      2.3023948669433594,
      2.302396059036255,
      2.3023955821990967,
      2.302380084991455,
      2.3023879528045654,
      2.3023791313171387,
      2.3023898601531982,
      2.3023953437805176,
      2.3023791313171387,
      2.3023769855499268,
      2.302386999130249,
      2.30239200592041,
      2.30238676071167,
      2.3023831844329834,
      2.3024075031280518,
      2.3023853302001953,
      2.3023760318756104,
      2.302386999130249,
      2.3023898601531982,
      2.302380323410034,
      2.302385091781616,
      2.302372932434082,
      2.302365779876709,
      2.3023836612701416,
      2.3023719787597656,
      2.3023760318756104,
      2.3023781776428223,
      2.302386522293091,
      2.3023746013641357,
      2.3023884296417236,
      2.302382230758667,
      2.3023831844329834,
      2.3023741245269775,
      2.302372694015503
    ],
    "train_acc": [
      9,
      10,
      10,
      9,
      9,
      10,
      10,
      9,
      10,
      10,
      10,
      10,
      9,
      10,
      10,
      10,
      9,
      9,
      10,
      10,
      10,
      10,
      10,
      10,
      10,
      10,
      9,
      10,
      10,
      10,
      10,
      10,
      10,
      10,
      10,
      10,
      10,
      10,
      10,
      10,
      9,
      10,
      10,
      10,
      10,
      10,
      10,
      10,
      10,
      10,
      10,
      10,
      10,
      10,
      10,
      9,
      10,
      10,
      10,
      10,
      10,
      10,
      10,
      10,
      10,
      10,
      10,
      10,
      10,
      10,
      10,
      10,
      10,
      10,
      10,
      10,
      10,
      10,
      10,
      10,
      10,
      10,
      10,
      10,
      10,
      10,
      10,
      10,
      10,
      10,
      10,
      10,
      10,
      10,
      10,
      10,
      10,
      10,
      10,
      10
    ],
    "test_loss": [
      2.3037824630737305,
      2.303337812423706,
      2.302950382232666,
      2.302769899368286,
      2.302716016769409,
      2.302708387374878,
      2.3027021884918213,
      2.3026342391967773,
      2.3025386333465576,
      2.302563190460205,
      2.302530527114868,
      2.302490472793579,
      2.3025412559509277,
      2.302554130554199,
      2.302546739578247,
      2.3024985790252686,
      2.30249285697937,
      2.3025128841400146,
      2.302497386932373,
      2.302525758743286,
      2.3024964332580566,
      2.302487373352051,
      2.302462100982666,
      2.3025190830230713,
      2.30255126953125,
      2.3025245666503906,
      2.302521228790283,
      2.302462100982666,
      2.3024990558624268,
      2.3024680614471436,
      2.3024747371673584,
      2.3024744987487793,
      2.302474021911621,
      2.3025062084198,
      2.3025145530700684,
      2.302487850189209,
      2.3024492263793945,
      2.302495002746582,
      2.30251145362854,
      2.302518367767334,
      2.3025052547454834,
      2.302503824234009,
      2.3025243282318115,
      2.302560806274414,
      2.302501678466797,
      2.3025169372558594,
      2.30252742767334,
      2.3025174140930176,
      2.30251407623291,
      2.30251145362854,
      2.3024935722351074,
      2.3025126457214355,
      2.302513837814331,
      2.302499771118164,
      2.3024744987487793,
      2.302501678466797,
      2.302478790283203,
      2.302506446838379,
      2.302504777908325,
      2.3024864196777344,
      2.302490472793579,
      2.3024797439575195,
      2.3025002479553223,
      2.3024981021881104,
      2.302504301071167,
      2.302490711212158,
      2.3024888038635254,
      2.302518606185913,
      2.302502155303955,
      2.3025126457214355,
      2.302503824234009,
      2.3024919033050537,
      2.3025078773498535,
      2.302487850189209,
      2.3024959564208984,
      2.302494525909424,
      2.302483081817627,
      2.302490472793579,
      2.3024823665618896,
      2.3024775981903076,
      2.302462100982666,
      2.3024919033050537,
      2.302496910095215,
      2.3025002479553223,
      2.3025083541870117,
      2.302476644515991,
      2.3024847507476807,
      2.3024842739105225,
      2.302503824234009,
      2.302511692047119,
      2.302497148513794,
      2.302488088607788,
      2.3025012016296387,
      2.3025028705596924,
      2.302503824234009,
      2.302511692047119,
      2.3024981021881104,
      2.3024749755859375,
      2.3024742603302,
      2.3024721145629883
    ],
    "test_acc": [
      10,
      9,
      9,
      9,
      9,
      9,
      10,
      10,
      10,
      10,
      10,
      10,
      10,
      10,
      10,
      10,
      10,
      10,
      10,
      10,
      10,
      10,
      10,
      10,
      10,
      10,
      10,
      10,
      10,
      10,
      10,
      10,
      10,
      10,
      10,
      10,
      10,
      10,
      10,
      10,
      10,
      10,
      10,
      10,
      10,
      10,
      10,
      10,
      10,
      10,
      10,
      10,
      10,
      10,
      10,
      10,
      10,
      10,
      10,
      10,
      10,
      10,
      10,
      10,
      10,
      10,
      10,
      10,
      10,
      10,
      10,
      10,
      10,
      10,
      10,
      10,
      10,
      10,
      10,
      10,
      10,
      10,
      10,
      10,
      10,
      10,
      10,
      10,
      10,
      10,
      10,
      10,
      10,
      10,
      10,
      10,
      10,
      10,
      10,
      10
    ]
  }
}