{
  "config": {
    "run_name": "exp1_1_K64_L16",
    "out_dir": "./results",
    "seed": 492658740,
    "bs_train": 32,
    "bs_test": 8,
    "batches": 100,
    "epochs": 100,
    "early_stopping": 3,
    "checkpoints": null,
    "lr": 1e-05,
    "reg": 0.001,
    "filters_per_layer": [
      64
    ],
    "layers_per_block": 16,
    "pool_every": 8,
    "hidden_dims": [
      256
    ],
    "ycn": false,
    "kw": {}
  },
  "results": {
    "num_epochs": 0,
    "train_loss": [
      2.303199052810669,
      2.3027069568634033,
      2.3025596141815186,
      2.3024964332580566,
      2.3024137020111084,
      2.0610885620117188,
      1.9201240539550781,
      1.8329845666885376,
      1.7879513502120972,
      1.7519588470458984,
      1.7258100509643555,
      1.6980111598968506,
      1.6707892417907715,
      1.6505039930343628,
      1.6285552978515625,
      1.605492115020752,
      1.5878595113754272,
      1.5609121322631836,
      1.5493111610412598,
      1.5368560552597046,
      1.519203543663025,
      1.5074663162231445,
      1.49112069606781,
      1.4848830699920654,
      1.472978115081787,
      1.4559260606765747,
      1.449863076210022,
      1.433589220046997,
      1.4290492534637451,
      1.4170782566070557,
      1.4020880460739136,
      1.394400715827942,
      1.3831287622451782,
      1.3731414079666138,
      1.364748477935791,
      1.359071969985962,
      1.3468927145004272,
      1.3345879316329956,
      1.3203353881835938,
      1.3133628368377686,
      1.3027863502502441,
      1.2898201942443848,
      1.2819926738739014,
      1.270831823348999,
      1.2614036798477173,
      1.2462120056152344,
      1.2382770776748657,
      1.2218167781829834,
      1.2120401859283447,
      1.2036365270614624,
      1.1913039684295654,
      1.1775071620941162,
      1.1677262783050537,
      1.153340458869934,
      1.1365036964416504,
      1.1242204904556274,
      1.108819603919983,
      1.10428786277771,
      1.0827547311782837,
      1.0654613971710205,
      1.0632011890411377,
      1.0404435396194458,
      1.0263391733169556,
      1.0143944025039673,
      0.9959832429885864,
      0.9867087006568909,
      0.9668827056884766,
      0.9511832594871521,
      0.9370607733726501,
      0.9254475831985474,
      0.9108186960220337,
      0.8957123756408691,
      0.8802388310432434,
      0.853869616985321,
      0.8461370468139648,
      0.8336660861968994,
      0.8171409368515015,
      0.7971212267875671,
      0.7841581106185913,
      0.7728397250175476,
      0.7499548196792603,
      0.7321507334709167,
      0.724571943283081,
      0.6994525194168091,
      0.6845166087150574,
      0.6668475270271301,
      0.6432652473449707,
      0.6412865519523621,
      0.6109958291053772,
      0.59889817237854,
      0.5739150047302246,
      0.5635789632797241,
      0.5403116941452026,
      0.5277260541915894,
      0.5079159140586853,
      0.49669545888900757,
      0.48679661750793457,
      0.45948272943496704,
      0.4445243179798126,
      0.4313783645629883
    ],
    "train_acc": [
      10,
      10,
      9,
      9,
      10,
      22,
      28,
      31,
      33,
      35,
      36,
      37,
      38,
      39,
      40,
      41,
      41,
      43,
      43,
      43,
      44,
      45,
      45,
      46,
      46,
      47,
      47,
      48,
      47,
      49,
      49,
      49,
      50,
      50,
      50,
      50,
      51,
      51,
      52,
      52,
      53,
      53,
      54,
      54,
      54,
      55,
      55,
      56,
      56,
      56,
      57,
      58,
      58,
      58,
      59,
      60,
      60,
      61,
      61,
      62,
      62,
      63,
      63,
      64,
      64,
      65,
      65,
      66,
      67,
      67,
      67,
      68,
      69,
      69,
      70,
      71,
      71,
      72,
      72,
      73,
      74,
      74,
      74,
      75,
      75,
      77,
      77,
      77,
      78,
      79,
      80,
      80,
      81,
      81,
      82,
      82,
      83,
      84,
      84,
      85
    ],
    "test_loss": [
      2.302748441696167,
      2.3025190830230713,
      2.3024802207946777,
      2.30244517326355,
      2.300849199295044,
      1.9845088720321655,
      1.867435336112976,
      1.8096590042114258,
      1.7869874238967896,
      1.7413302659988403,
      1.7088221311569214,
      1.6791476011276245,
      1.6584519147872925,
      1.641574501991272,
      1.6269124746322632,
      1.613486647605896,
      1.5799517631530762,
      1.5760021209716797,
      1.5746456384658813,
      1.5742669105529785,
      1.5543655157089233,
      1.5429778099060059,
      1.5243231058120728,
      1.523576021194458,
      1.568771481513977,
      1.4996998310089111,
      1.4979830980300903,
      1.507276177406311,
      1.5001531839370728,
      1.483072280883789,
      1.5011651515960693,
      1.4863485097885132,
      1.4775044918060303,
      1.4803502559661865,
      1.4605143070220947,
      1.4774852991104126,
      1.4821019172668457,
      1.4654144048690796,
      1.5111215114593506,
      1.4460328817367554,
      1.4448994398117065,
      1.4645999670028687,
      1.4656583070755005,
      1.4649062156677246,
      1.4408882856369019,
      1.4448959827423096,
      1.4650557041168213,
      1.4481624364852905,
      1.4679981470108032,
      1.4647884368896484,
      1.4689029455184937,
      1.4676886796951294,
      1.4547252655029297,
      1.4842230081558228,
      1.5068049430847168,
      1.4881161451339722,
      1.4853105545043945,
      1.4907684326171875,
      1.4967936277389526,
      1.5079084634780884,
      1.5121768712997437,
      1.5337657928466797,
      1.528657078742981,
      1.5343326330184937,
      1.532615065574646,
      1.5892623662948608,
      1.5900171995162964,
      1.5658529996871948,
      1.5969692468643188,
      1.6288154125213623,
      1.5896509885787964,
      1.6486178636550903,
      1.6508610248565674,
      1.6625161170959473,
      1.6617565155029297,
      1.7509758472442627,
      1.708094835281372,
      1.7614421844482422,
      1.7380554676055908,
      1.8174928426742554,
      1.818029761314392,
      1.805229663848877,
      1.8797063827514648,
      1.8838248252868652,
      1.9411433935165405,
      1.9008512496948242,
      2.0590689182281494,
      1.9815915822982788,
      2.0893847942352295,
      2.086230516433716,
      2.1558427810668945,
      2.141683578491211,
      2.2259974479675293,
      2.2802252769470215,
      2.348345994949341,
      2.369269847869873,
      2.3874990940093994,
      2.4927358627319336,
      2.6186962127685547,
      2.6523947715759277
    ],
    "test_acc": [
      10,
      10,
      10,
      10,
      10,
      27,
      31,
      32,
      34,
      34,
      37,
      38,
      39,
      39,
      40,
      41,
      42,
      41,
      41,
      41,
      42,
      43,
      44,
      43,
      42,
      45,
      45,
      45,
      45,
      45,
      44,
      46,
      46,
      46,
      46,
      46,
      46,
      46,
      45,
      47,
      48,
      48,
      47,
      47,
      48,
      48,
      47,
      48,
      46,
      48,
      47,
      49,
      48,
      47,
      47,
      48,
      48,
      48,
      49,
      47,
      47,
      47,
      47,
      48,
      47,
      45,
      47,
      47,
      48,
      46,
      48,
      47,
      47,
      47,
      47,
      45,
      46,
      47,
      48,
      46,
      47,
      47,
      47,
      47,
      47,
      47,
      46,
      47,
      46,
      46,
      45,
      46,
      47,
      45,
      45,
      46,
      46,
      46,
      46,
      46
    ]
  }
}