{
  "config": {
    "run_name": "exp1_2_L2_K128",
    "out_dir": "./results",
    "seed": 693613195,
    "bs_train": 32,
    "bs_test": 8,
    "batches": 100,
    "epochs": 100,
    "early_stopping": 3,
    "checkpoints": null,
    "lr": 1e-05,
    "reg": 0.001,
    "filters_per_layer": [
      128
    ],
    "layers_per_block": 2,
    "pool_every": 2,
    "hidden_dims": [
      256
    ],
    "ycn": false,
    "kw": {}
  },
  "results": {
    "num_epochs": 0,
    "train_loss": [
      2.1358134746551514,
      1.885549783706665,
      1.7715904712677002,
      1.6928983926773071,
      1.634988784790039,
      1.5900582075119019,
      1.5522377490997314,
      1.521386742591858,
      1.4921281337738037,
      1.4640312194824219,
      1.436991810798645,
      1.4166322946548462,
      1.3959548473358154,
      1.3750379085540771,
      1.3572039604187012,
      1.337703824043274,
      1.3227418661117554,
      1.3069175481796265,
      1.290360450744629,
      1.2728121280670166,
      1.2577025890350342,
      1.2428656816482544,
      1.2279092073440552,
      1.2154580354690552,
      1.2024176120758057,
      1.187117576599121,
      1.174457311630249,
      1.1593801975250244,
      1.1502424478530884,
      1.135561466217041,
      1.1223411560058594,
      1.114218831062317,
      1.1009591817855835,
      1.0903184413909912,
      1.0782581567764282,
      1.0699200630187988,
      1.057140588760376,
      1.0465139150619507,
      1.038433313369751,
      1.0296815633773804,
      1.0166282653808594,
      1.00747811794281,
      0.998549222946167,
      0.9871784448623657,
      0.9795329570770264,
      0.9700714349746704,
      0.9607305526733398,
      0.954620897769928,
      0.9427160620689392,
      0.9347770810127258,
      0.925182044506073,
      0.9134080410003662,
      0.9076486825942993,
      0.8999965786933899,
      0.8899953365325928,
      0.8819490671157837,
      0.8750373721122742,
      0.8648721575737,
      0.8580446839332581,
      0.8484426736831665,
      0.8395007848739624,
      0.8309390544891357,
      0.8210436105728149,
      0.814943253993988,
      0.8056301474571228,
      0.7986800074577332,
      0.7900471687316895,
      0.7838165760040283,
      0.7743545770645142,
      0.7670078873634338,
      0.759378969669342,
      0.750832736492157,
      0.7434441447257996,
      0.734786868095398,
      0.7292476296424866,
      0.721268892288208,
      0.7131952047348022,
      0.7057512402534485,
      0.6968106031417847,
      0.6927971243858337,
      0.6830496191978455,
      0.674553394317627,
      0.6683909296989441,
      0.662043035030365,
      0.6537186503410339,
      0.6470796465873718,
      0.639561653137207,
      0.6312385201454163,
      0.6253342032432556,
      0.6171770095825195,
      0.6105830669403076,
      0.6036141514778137,
      0.5967056155204773,
      0.5896232724189758,
      0.5815747976303101,
      0.5754913091659546,
      0.5671715140342712,
      0.5590353012084961,
      0.5542570948600769,
      0.5468500256538391
    ],
    "train_acc": [
      23,
      34,
      38,
      41,
      43,
      44,
      45,
      47,
      47,
      48,
      50,
      50,
      51,
      51,
      52,
      53,
      53,
      54,
      54,
      55,
      55,
      56,
      57,
      57,
      58,
      58,
      59,
      59,
      60,
      60,
      61,
      61,
      62,
      62,
      63,
      63,
      63,
      64,
      64,
      64,
      65,
      65,
      66,
      66,
      66,
      66,
      67,
      67,
      68,
      68,
      68,
      69,
      69,
      69,
      70,
      70,
      70,
      71,
      71,
      71,
      72,
      72,
      73,
      72,
      73,
      73,
      73,
      74,
      74,
      74,
      75,
      75,
      75,
      75,
      75,
      76,
      76,
      77,
      77,
      77,
      77,
      78,
      78,
      78,
      79,
      78,
      79,
      79,
      80,
      80,
      80,
      80,
      80,
      81,
      81,
      81,
      81,
      82,
      82,
      83
    ],
    "test_loss": [
      1.9637641906738281,
      1.8449550867080688,
      1.7448655366897583,
      1.6759153604507446,
      1.6276360750198364,
      1.5978835821151733,
      1.583709478378296,
      1.5443040132522583,
      1.5181028842926025,
      1.5005323886871338,
      1.4789116382598877,
      1.4604113101959229,
      1.4419080018997192,
      1.427492618560791,
      1.4305946826934814,
      1.402955174446106,
      1.3979634046554565,
      1.3893183469772339,
      1.3732136487960815,
      1.3580856323242188,
      1.3496061563491821,
      1.3433964252471924,
      1.3441166877746582,
      1.3265503644943237,
      1.314635157585144,
      1.306606411933899,
      1.3072593212127686,
      1.2965799570083618,
      1.2846208810806274,
      1.2785725593566895,
      1.276716947555542,
      1.2838300466537476,
      1.2853676080703735,
      1.2644422054290771,
      1.2743898630142212,
      1.2586250305175781,
      1.249682903289795,
      1.2489124536514282,
      1.246845006942749,
      1.2320176362991333,
      1.2278610467910767,
      1.2316542863845825,
      1.2228702306747437,
      1.2201169729232788,
      1.216930866241455,
      1.220590591430664,
      1.2106789350509644,
      1.2135272026062012,
      1.2127301692962646,
      1.2112122774124146,
      1.2079144716262817,
      1.2115329504013062,
      1.1999907493591309,
      1.2076857089996338,
      1.193178415298462,
      1.1925898790359497,
      1.1945409774780273,
      1.1882116794586182,
      1.183912754058838,
      1.1842265129089355,
      1.179455041885376,
      1.190808892250061,
      1.1950920820236206,
      1.191688895225525,
      1.1830977201461792,
      1.1835139989852905,
      1.1857264041900635,
      1.17574143409729,
      1.1736505031585693,
      1.1878364086151123,
      1.170939564704895,
      1.177364706993103,
      1.1733330488204956,
      1.1668938398361206,
      1.1746723651885986,
      1.1685223579406738,
      1.190969705581665,
      1.1769896745681763,
      1.1801400184631348,
      1.1856303215026855,
      1.1859676837921143,
      1.196232557296753,
      1.1805438995361328,
      1.172730803489685,
      1.1701174974441528,
      1.1856752634048462,
      1.1792151927947998,
      1.192255973815918,
      1.178152322769165,
      1.1845873594284058,
      1.1893118619918823,
      1.185084581375122,
      1.190079689025879,
      1.1954408884048462,
      1.1930888891220093,
      1.196373462677002,
      1.186334252357483,
      1.1871490478515625,
      1.1819010972976685,
      1.188417673110962
    ],
    "test_acc": [
      32,
      37,
      39,
      41,
      43,
      44,
      44,
      45,
      46,
      46,
      47,
      48,
      48,
      49,
      49,
      49,
      50,
      50,
      51,
      51,
      51,
      52,
      51,
      52,
      52,
      53,
      52,
      53,
      54,
      53,
      54,
      53,
      54,
      54,
      53,
      54,
      54,
      55,
      54,
      55,
      55,
      55,
      55,
      56,
      56,
      56,
      56,
      56,
      55,
      56,
      56,
      56,
      56,
      56,
      56,
      56,
      57,
      57,
      56,
      56,
      57,
      57,
      56,
      57,
      57,
      57,
      57,
      57,
      57,
      57,
      59,
      57,
      58,
      58,
      58,
      58,
      58,
      58,
      58,
      58,
      58,
      58,
      58,
      59,
      59,
      59,
      59,
      59,
      59,
      59,
      59,
      59,
      59,
      59,
      59,
      59,
      59,
      59,
      59,
      59
    ]
  }
}