{
  "config": {
    "run_name": "exp1_2_L2_K256",
    "out_dir": "./results",
    "seed": 418929850,
    "bs_train": 32,
    "bs_test": 8,
    "batches": 100,
    "epochs": 100,
    "early_stopping": 3,
    "checkpoints": null,
    "lr": 1e-05,
    "reg": 0.001,
    "filters_per_layer": [
      256
    ],
    "layers_per_block": 2,
    "pool_every": 2,
    "hidden_dims": [
      256
    ],
    "ycn": false,
    "kw": {}
  },
  "results": {
    "num_epochs": 0,
    "train_loss": [
      2.0557494163513184,
      1.7963155508041382,
      1.6740323305130005,
      1.5866798162460327,
      1.5178427696228027,
      1.4657747745513916,
      1.414430022239685,
      1.371845006942749,
      1.3336501121520996,
      1.29828941822052,
      1.265608310699463,
      1.2392929792404175,
      1.212395429611206,
      1.1891708374023438,
      1.1660804748535156,
      1.1400461196899414,
      1.1210285425186157,
      1.099067211151123,
      1.08030366897583,
      1.0638439655303955,
      1.039622187614441,
      1.020484209060669,
      1.001336932182312,
      0.9862110018730164,
      0.9673228859901428,
      0.9528381824493408,
      0.9320937395095825,
      0.9168154001235962,
      0.901843249797821,
      0.8842790722846985,
      0.8730316758155823,
      0.8560749292373657,
      0.8382132649421692,
      0.8206000328063965,
      0.8079591393470764,
      0.7960860729217529,
      0.7769384980201721,
      0.7638949155807495,
      0.7501084804534912,
      0.7378113269805908,
      0.7210891246795654,
      0.7086585164070129,
      0.6948314309120178,
      0.67630535364151,
      0.6669279932975769,
      0.6540578007698059,
      0.6402926445007324,
      0.6283326148986816,
      0.6130629777908325,
      0.6026875376701355,
      0.5892359614372253,
      0.5733077526092529,
      0.5617728233337402,
      0.5478576421737671,
      0.533079206943512,
      0.5222756862640381,
      0.5107518434524536,
      0.49868184328079224,
      0.4847966134548187,
      0.4732268452644348,
      0.4621564745903015,
      0.45218518376350403,
      0.4391188621520996,
      0.4295528829097748,
      0.41582605242729187,
      0.40658867359161377,
      0.39251071214675903,
      0.384389728307724,
      0.37487518787384033,
      0.3633056581020355,
      0.3535078167915344,
      0.34458214044570923,
      0.33539608120918274,
      0.32262924313545227,
      0.3113705515861511,
      0.3085060715675354,
      0.2909793555736542,
      0.28563210368156433,
      0.2753484547138214,
      0.2663009762763977,
      0.2568679451942444,
      0.2503046691417694,
      0.24055805802345276,
      0.2319542020559311,
      0.22385892271995544,
      0.21737419068813324,
      0.20872648060321808,
      0.19967791438102722,
      0.1928599774837494,
      0.18916665017604828,
      0.17702791094779968,
      0.1736340969800949,
      0.16541476547718048,
      0.1604059636592865,
      0.1535705029964447,
      0.1463249772787094,
      0.13812220096588135,
      0.13533686101436615,
      0.12954898178577423,
      0.12265429645776749
    ],
    "train_acc": [
      26,
      37,
      42,
      44,
      47,
      48,
      50,
      52,
      53,
      55,
      55,
      56,
      57,
      58,
      59,
      60,
      61,
      62,
      62,
      63,
      64,
      65,
      65,
      66,
      67,
      67,
      68,
      68,
      69,
      70,
      70,
      71,
      72,
      72,
      72,
      73,
      74,
      74,
      75,
      75,
      76,
      76,
      77,
      77,
      78,
      78,
      79,
      79,
      80,
      80,
      81,
      82,
      82,
      82,
      83,
      84,
      84,
      85,
      85,
      86,
      86,
      86,
      87,
      87,
      88,
      89,
      89,
      89,
      89,
      90,
      91,
      91,
      91,
      92,
      92,
      92,
      93,
      93,
      94,
      94,
      94,
      94,
      95,
      95,
      95,
      95,
      96,
      96,
      96,
      96,
      97,
      97,
      97,
      97,
      97,
      98,
      98,
      98,
      98,
      98
    ],
    "test_loss": [
      1.8932124376296997,
      1.729884147644043,
      1.6710246801376343,
      1.574588656425476,
      1.5284324884414673,
      1.4890111684799194,
      1.4408355951309204,
      1.411446452140808,
      1.3887660503387451,
      1.3721510171890259,
      1.34947669506073,
      1.3337010145187378,
      1.3174488544464111,
      1.3099766969680786,
      1.2943267822265625,
      1.279962182044983,
      1.2612159252166748,
      1.2612096071243286,
      1.241684913635254,
      1.249072790145874,
      1.2297509908676147,
      1.2228789329528809,
      1.2233752012252808,
      1.2080731391906738,
      1.2081633806228638,
      1.200102686882019,
      1.1953500509262085,
      1.2145555019378662,
      1.2135199308395386,
      1.1936684846878052,
      1.2051827907562256,
      1.187697410583496,
      1.1770522594451904,
      1.1781158447265625,
      1.1645411252975464,
      1.1706019639968872,
      1.1721224784851074,
      1.1735682487487793,
      1.169363021850586,
      1.1679375171661377,
      1.1605889797210693,
      1.1614285707473755,
      1.1607353687286377,
      1.1636183261871338,
      1.1589462757110596,
      1.1973272562026978,
      1.1773942708969116,
      1.1736699342727661,
      1.1762089729309082,
      1.1607509851455688,
      1.170814871788025,
      1.1903685331344604,
      1.1884589195251465,
      1.1677165031433105,
      1.1992825269699097,
      1.1898069381713867,
      1.1923043727874756,
      1.2044458389282227,
      1.1906429529190063,
      1.2183092832565308,
      1.2015999555587769,
      1.198685884475708,
      1.2101885080337524,
      1.2477604150772095,
      1.2109686136245728,
      1.2122873067855835,
      1.222820520401001,
      1.2216659784317017,
      1.234364628791809,
      1.2496854066848755,
      1.2454328536987305,
      1.2466609477996826,
      1.2616291046142578,
      1.2943851947784424,
      1.2718077898025513,
      1.293165683746338,
      1.30978524684906,
      1.2920397520065308,
      1.3087140321731567,
      1.3051303625106812,
      1.3238749504089355,
      1.3442702293395996,
      1.3372565507888794,
      1.3595060110092163,
      1.347479224205017,
      1.3417978286743164,
      1.346825361251831,
      1.364119052886963,
      1.3775430917739868,
      1.4022843837738037,
      1.4290382862091064,
      1.4185209274291992,
      1.4117473363876343,
      1.4107081890106201,
      1.4314348697662354,
      1.4694387912750244,
      1.45787513256073,
      1.458353877067566,
      1.479508399963379,
      1.4797768592834473
    ],
    "test_acc": [
      34,
      40,
      41,
      44,
      45,
      46,
      49,
      49,
      50,
      50,
      51,
      52,
      52,
      52,
      53,
      53,
      54,
      54,
      55,
      54,
      55,
      56,
      55,
      56,
      56,
      57,
      57,
      56,
      56,
      57,
      56,
      58,
      58,
      58,
      58,
      59,
      58,
      58,
      59,
      59,
      59,
      59,
      59,
      59,
      59,
      60,
      59,
      60,
      59,
      60,
      60,
      60,
      59,
      60,
      60,
      60,
      60,
      60,
      61,
      59,
      59,
      60,
      60,
      59,
      60,
      60,
      60,
      61,
      60,
      60,
      60,
      60,
      60,
      60,
      60,
      60,
      59,
      60,
      60,
      60,
      60,
      59,
      60,
      60,
      60,
      60,
      60,
      60,
      60,
      60,
      59,
      59,
      60,
      60,
      60,
      59,
      60,
      60,
      60,
      60
    ]
  }
}