{
  "config": {
    "run_name": "exp1_1_K32_L2",
    "out_dir": "./results",
    "seed": 1213652768,
    "bs_train": 32,
    "bs_test": 8,
    "batches": 100,
    "epochs": 100,
    "early_stopping": 3,
    "checkpoints": null,
    "lr": 1e-05,
    "reg": 0.001,
    "filters_per_layer": [
      32
    ],
    "layers_per_block": 2,
    "pool_every": 2,
    "hidden_dims": [
      256
    ],
    "ycn": false,
    "kw": {}
  },
  "results": {
    "num_epochs": 0,
    "train_loss": [
      2.252441883087158,
      2.0959627628326416,
      1.9722795486450195,
      1.9050517082214355,
      1.860006332397461,
      1.8227696418762207,
      1.789716124534607,
      1.7614158391952515,
      1.7370193004608154,
      1.7148215770721436,
      1.6920621395111084,
      1.6723703145980835,
      1.652631163597107,
      1.6352514028549194,
      1.618080496788025,
      1.6017976999282837,
      1.5877702236175537,
      1.5732828378677368,
      1.5591977834701538,
      1.5470412969589233,
      1.5340558290481567,
      1.5219998359680176,
      1.5116424560546875,
      1.4994009733200073,
      1.4896897077560425,
      1.4797494411468506,
      1.4694223403930664,
      1.4592311382293701,
      1.4498140811920166,
      1.4417270421981812,
      1.4319038391113281,
      1.4231806993484497,
      1.4160553216934204,
      1.4065070152282715,
      1.3987540006637573,
      1.3905867338180542,
      1.3820383548736572,
      1.3764644861221313,
      1.369327425956726,
      1.3603465557098389,
      1.356067419052124,
      1.345606803894043,
      1.3387449979782104,
      1.3327999114990234,
      1.3261401653289795,
      1.3195483684539795,
      1.311715841293335,
      1.3073776960372925,
      1.2982256412506104,
      1.2912726402282715,
      1.2883965969085693,
      1.2819188833236694,
      1.275360107421875,
      1.268870234489441,
      1.2615947723388672,
      1.2569448947906494,
      1.2519794702529907,
      1.2470935583114624,
      1.2401071786880493,
      1.2349516153335571,
      1.2284578084945679,
      1.2238973379135132,
      1.219170093536377,
      1.2136216163635254,
      1.208414077758789,
      1.2032086849212646,
      1.1995307207107544,
      1.1927958726882935,
      1.189398169517517,
      1.1813551187515259,
      1.1790579557418823,
      1.17350435256958,
      1.169520616531372,
      1.1647616624832153,
      1.1582961082458496,
      1.15311598777771,
      1.1503081321716309,
      1.1446642875671387,
      1.1406430006027222,
      1.1358891725540161,
      1.1319401264190674,
      1.128143310546875,
      1.1238330602645874,
      1.1180092096328735,
      1.1148890256881714,
      1.111596703529358,
      1.106290340423584,
      1.1007424592971802,
      1.0993531942367554,
      1.0936740636825562,
      1.0906696319580078,
      1.0864605903625488,
      1.0835442543029785,
      1.0788192749023438,
      1.0749109983444214,
      1.0711257457733154,
      1.067710518836975,
      1.0631407499313354,
      1.059617280960083,
      1.0558254718780518
    ],
    "train_acc": [
      18,
      28,
      32,
      34,
      36,
      37,
      38,
      39,
      40,
      41,
      41,
      42,
      43,
      43,
      44,
      44,
      45,
      45,
      46,
      46,
      47,
      47,
      47,
      47,
      48,
      48,
      49,
      49,
      49,
      50,
      50,
      50,
      50,
      51,
      51,
      51,
      52,
      52,
      52,
      52,
      53,
      53,
      53,
      53,
      53,
      54,
      54,
      54,
      54,
      55,
      55,
      55,
      55,
      56,
      56,
      56,
      56,
      56,
      57,
      57,
      57,
      57,
      57,
      57,
      58,
      58,
      58,
      58,
      58,
      59,
      59,
      59,
      59,
      59,
      60,
      60,
      60,
      60,
      61,
      60,
      61,
      61,
      61,
      61,
      61,
      61,
      61,
      62,
      62,
      62,
      62,
      62,
      62,
      62,
      62,
      63,
      63,
      63,
      63,
      63
    ],
    "test_loss": [
      2.183845281600952,
      2.021108388900757,
      1.9405055046081543,
      1.886554479598999,
      1.8528035879135132,
      1.8186370134353638,
      1.790366530418396,
      1.768380880355835,
      1.7451688051223755,
      1.7223806381225586,
      1.702654480934143,
      1.6919111013412476,
      1.6689445972442627,
      1.6561894416809082,
      1.6440765857696533,
      1.626922369003296,
      1.6192688941955566,
      1.6084115505218506,
      1.5940121412277222,
      1.5803335905075073,
      1.5713324546813965,
      1.566597819328308,
      1.5555229187011719,
      1.5484405755996704,
      1.5363272428512573,
      1.533316731452942,
      1.5252094268798828,
      1.5105087757110596,
      1.5091532468795776,
      1.4986600875854492,
      1.5027587413787842,
      1.490643858909607,
      1.4799572229385376,
      1.4698679447174072,
      1.4697566032409668,
      1.4637987613677979,
      1.4568803310394287,
      1.4595478773117065,
      1.4445744752883911,
      1.4485595226287842,
      1.4386245012283325,
      1.4376683235168457,
      1.4265644550323486,
      1.4188932180404663,
      1.4159308671951294,
      1.4117470979690552,
      1.411026954650879,
      1.4055789709091187,
      1.399568796157837,
      1.3987902402877808,
      1.3918172121047974,
      1.3866311311721802,
      1.3839411735534668,
      1.38496732711792,
      1.3804868459701538,
      1.3762162923812866,
      1.3747371435165405,
      1.3710848093032837,
      1.3806768655776978,
      1.3645020723342896,
      1.3593477010726929,
      1.3610179424285889,
      1.3615784645080566,
      1.3480925559997559,
      1.3460988998413086,
      1.348058819770813,
      1.3384133577346802,
      1.334069848060608,
      1.346613883972168,
      1.3387354612350464,
      1.3278522491455078,
      1.3224011659622192,
      1.328488826751709,
      1.3203039169311523,
      1.325022578239441,
      1.3171210289001465,
      1.3198401927947998,
      1.3092378377914429,
      1.3137474060058594,
      1.3180309534072876,
      1.3095893859863281,
      1.3058280944824219,
      1.299086093902588,
      1.2981740236282349,
      1.3032011985778809,
      1.2974900007247925,
      1.2926089763641357,
      1.291709542274475,
      1.2934644222259521,
      1.298675298690796,
      1.2950266599655151,
      1.2833143472671509,
      1.2914328575134277,
      1.2847939729690552,
      1.2813104391098022,
      1.2839463949203491,
      1.2832013368606567,
      1.2817432880401611,
      1.290369987487793,
      1.2728297710418701
    ],
    "test_acc": [
      24,
      33,
      31,
      37,
      35,
      37,
      39,
      39,
      40,
      40,
      40,
      42,
      41,
      41,
      42,
      43,
      43,
      44,
      44,
      45,
      45,
      44,
      45,
      44,
      45,
      46,
      47,
      47,
      47,
      47,
      47,
      48,
      48,
      49,
      48,
      48,
      48,
      48,
      49,
      49,
      49,
      49,
      49,
      50,
      50,
      49,
      50,
      50,
      50,
      50,
      50,
      50,
      50,
      50,
      51,
      50,
      51,
      50,
      50,
      51,
      50,
      51,
      51,
      52,
      51,
      51,
      51,
      52,
      51,
      51,
      52,
      52,
      52,
      53,
      52,
      52,
      52,
      52,
      52,
      52,
      53,
      52,
      52,
      53,
      53,
      53,
      53,
      53,
      53,
      53,
      53,
      53,
      53,
      53,
      53,
      54,
      53,
      53,
      53,
      54
    ]
  }
}