{
  "config": {
    "run_name": "exp1_2_L2_K32",
    "out_dir": "./results",
    "seed": 753148029,
    "bs_train": 32,
    "bs_test": 8,
    "batches": 100,
    "epochs": 100,
    "early_stopping": 3,
    "checkpoints": null,
    "lr": 1e-05,
    "reg": 0.001,
    "filters_per_layer": [
      32
    ],
    "layers_per_block": 2,
    "pool_every": 2,
    "hidden_dims": [
      256
    ],
    "ycn": false,
    "kw": {}
  },
  "results": {
    "num_epochs": 0,
    "train_loss": [
      2.2596704959869385,
      2.099564552307129,
      1.9590402841567993,
      1.8752541542053223,
      1.818171501159668,
      1.7758948802947998,
      1.7447118759155273,
      1.717606782913208,
      1.6946357488632202,
      1.6754114627838135,
      1.6581560373306274,
      1.6401970386505127,
      1.6235313415527344,
      1.6091171503067017,
      1.5938583612442017,
      1.5805342197418213,
      1.5684038400650024,
      1.5558192729949951,
      1.5440415143966675,
      1.5318970680236816,
      1.5212254524230957,
      1.5101892948150635,
      1.4993127584457397,
      1.4920308589935303,
      1.4808279275894165,
      1.470855474472046,
      1.461168646812439,
      1.4530222415924072,
      1.445886492729187,
      1.4351445436477661,
      1.4269747734069824,
      1.417291283607483,
      1.4107123613357544,
      1.4015798568725586,
      1.3939200639724731,
      1.3870675563812256,
      1.378139615058899,
      1.3711374998092651,
      1.3639857769012451,
      1.3573074340820312,
      1.3476923704147339,
      1.3402725458145142,
      1.334174394607544,
      1.3273259401321411,
      1.3199914693832397,
      1.3116376399993896,
      1.306451439857483,
      1.2981255054473877,
      1.292052149772644,
      1.285183310508728,
      1.2784063816070557,
      1.2716511487960815,
      1.2640926837921143,
      1.259207010269165,
      1.2525832653045654,
      1.2472121715545654,
      1.2413250207901,
      1.2364304065704346,
      1.2294527292251587,
      1.2238365411758423,
      1.2173188924789429,
      1.2108378410339355,
      1.2059614658355713,
      1.2011539936065674,
      1.1929821968078613,
      1.1897363662719727,
      1.1845588684082031,
      1.1793773174285889,
      1.1737923622131348,
      1.1674282550811768,
      1.1636558771133423,
      1.1573514938354492,
      1.1538722515106201,
      1.1466896533966064,
      1.1428526639938354,
      1.1368155479431152,
      1.1333390474319458,
      1.1276015043258667,
      1.1253119707107544,
      1.1190922260284424,
      1.1141058206558228,
      1.1085548400878906,
      1.105323314666748,
      1.0993938446044922,
      1.096006989479065,
      1.0906429290771484,
      1.0880903005599976,
      1.0825691223144531,
      1.078904151916504,
      1.0728451013565063,
      1.0693306922912598,
      1.0642173290252686,
      1.0614567995071411,
      1.0577399730682373,
      1.0521167516708374,
      1.0472882986068726,
      1.0468316078186035,
      1.0416408777236938,
      1.0370161533355713,
      1.0328593254089355
    ],
    "train_acc": [
      18,
      29,
      33,
      35,
      37,
      38,
      39,
      40,
      41,
      42,
      42,
      43,
      43,
      44,
      45,
      45,
      45,
      46,
      46,
      47,
      47,
      47,
      48,
      48,
      48,
      49,
      49,
      49,
      49,
      50,
      50,
      51,
      51,
      51,
      51,
      51,
      52,
      52,
      52,
      52,
      53,
      53,
      53,
      53,
      54,
      54,
      54,
      54,
      55,
      55,
      55,
      55,
      56,
      56,
      56,
      56,
      56,
      56,
      57,
      57,
      57,
      57,
      58,
      58,
      58,
      58,
      58,
      59,
      59,
      59,
      59,
      60,
      60,
      60,
      60,
      60,
      60,
      60,
      60,
      61,
      61,
      61,
      62,
      62,
      62,
      62,
      62,
      62,
      62,
      62,
      62,
      63,
      63,
      63,
      63,
      63,
      63,
      64,
      64,
      64
    ],
    "test_loss": [
      2.191032886505127,
      2.017678737640381,
      1.9145628213882446,
      1.8507156372070312,
      1.8034119606018066,
      1.7736693620681763,
      1.7460271120071411,
      1.7257347106933594,
      1.7070728540420532,
      1.690742015838623,
      1.6712602376937866,
      1.6549246311187744,
      1.6484651565551758,
      1.635756492614746,
      1.6176941394805908,
      1.6044081449508667,
      1.5963762998580933,
      1.5921471118927002,
      1.5764555931091309,
      1.5666532516479492,
      1.56278657913208,
      1.5506832599639893,
      1.5524284839630127,
      1.5356124639511108,
      1.5251432657241821,
      1.522870421409607,
      1.521917462348938,
      1.5148706436157227,
      1.5005722045898438,
      1.5021982192993164,
      1.48768150806427,
      1.4857019186019897,
      1.4783953428268433,
      1.4784314632415771,
      1.4690901041030884,
      1.4647800922393799,
      1.4554259777069092,
      1.4495071172714233,
      1.4436546564102173,
      1.438270926475525,
      1.432328224182129,
      1.429045557975769,
      1.4221134185791016,
      1.4166898727416992,
      1.4139039516448975,
      1.4136251211166382,
      1.4035065174102783,
      1.4027605056762695,
      1.3943945169448853,
      1.3924179077148438,
      1.3879117965698242,
      1.381235122680664,
      1.3768824338912964,
      1.3726780414581299,
      1.3747817277908325,
      1.3669666051864624,
      1.3765997886657715,
      1.358353614807129,
      1.3557366132736206,
      1.3540804386138916,
      1.3537603616714478,
      1.3485631942749023,
      1.3470458984375,
      1.343308925628662,
      1.3388469219207764,
      1.335472583770752,
      1.3322069644927979,
      1.3261351585388184,
      1.327235460281372,
      1.3229247331619263,
      1.326196312904358,
      1.3181374073028564,
      1.3136612176895142,
      1.3193631172180176,
      1.3119924068450928,
      1.3146113157272339,
      1.3055121898651123,
      1.3024303913116455,
      1.297043800354004,
      1.299776315689087,
      1.3023688793182373,
      1.2982009649276733,
      1.2933340072631836,
      1.304504632949829,
      1.2860572338104248,
      1.3033896684646606,
      1.2863893508911133,
      1.2787925004959106,
      1.2804677486419678,
      1.2756989002227783,
      1.2793859243392944,
      1.2801334857940674,
      1.2760412693023682,
      1.281514286994934,
      1.2770761251449585,
      1.272982120513916,
      1.2694979906082153,
      1.2625634670257568,
      1.2636160850524902,
      1.2565053701400757
    ],
    "test_acc": [
      27,
      32,
      34,
      38,
      38,
      39,
      39,
      39,
      40,
      40,
      41,
      41,
      42,
      43,
      43,
      43,
      43,
      44,
      44,
      44,
      44,
      45,
      45,
      45,
      46,
      46,
      46,
      47,
      47,
      47,
      47,
      47,
      48,
      48,
      47,
      48,
      48,
      48,
      48,
      48,
      49,
      49,
      49,
      49,
      49,
      50,
      49,
      49,
      49,
      50,
      50,
      50,
      51,
      51,
      51,
      51,
      51,
      51,
      51,
      51,
      52,
      51,
      51,
      52,
      52,
      52,
      52,
      52,
      52,
      52,
      53,
      52,
      53,
      52,
      53,
      52,
      53,
      53,
      53,
      53,
      53,
      53,
      53,
      53,
      53,
      53,
      53,
      54,
      54,
      54,
      54,
      54,
      54,
      54,
      54,
      54,
      54,
      54,
      55,
      55
    ]
  }
}