{
  "config": {
    "run_name": "exp1_2_L8_K64",
    "out_dir": "./results",
    "seed": 924376580,
    "bs_train": 32,
    "bs_test": 8,
    "batches": 100,
    "epochs": 100,
    "early_stopping": 3,
    "checkpoints": null,
    "lr": 1e-05,
    "reg": 0.001,
    "filters_per_layer": [
      64
    ],
    "layers_per_block": 8,
    "pool_every": 4,
    "hidden_dims": [
      256
    ],
    "ycn": false,
    "kw": {}
  },
  "results": {
    "num_epochs": 0,
    "train_loss": [
      2.3010613918304443,
      2.0691802501678467,
      1.9776790142059326,
      1.9424208402633667,
      1.900628685951233,
      1.8438829183578491,
      1.7849218845367432,
      1.744072437286377,
      1.7086658477783203,
      1.6863945722579956,
      1.6699059009552002,
      1.649610996246338,
      1.6332639455795288,
      1.6187846660614014,
      1.6026732921600342,
      1.5919880867004395,
      1.5738593339920044,
      1.5623118877410889,
      1.5503960847854614,
      1.5417360067367554,
      1.5271360874176025,
      1.5128945112228394,
      1.5099804401397705,
      1.4950754642486572,
      1.4883209466934204,
      1.4716861248016357,
      1.466274380683899,
      1.4556716680526733,
      1.4453248977661133,
      1.4408146142959595,
      1.4321401119232178,
      1.4206931591033936,
      1.415579915046692,
      1.410196304321289,
      1.4058018922805786,
      1.3985004425048828,
      1.3861658573150635,
      1.3781934976577759,
      1.3724161386489868,
      1.3647079467773438,
      1.356569766998291,
      1.3587089776992798,
      1.3497627973556519,
      1.336641788482666,
      1.3325554132461548,
      1.3226169347763062,
      1.31900155544281,
      1.3078702688217163,
      1.3020044565200806,
      1.3002996444702148,
      1.2889728546142578,
      1.2856109142303467,
      1.2745254039764404,
      1.2705096006393433,
      1.2653549909591675,
      1.257704734802246,
      1.2524495124816895,
      1.2468534708023071,
      1.2375695705413818,
      1.2338285446166992,
      1.233769416809082,
      1.2181568145751953,
      1.2132002115249634,
      1.2065322399139404,
      1.197363257408142,
      1.1953344345092773,
      1.185613989830017,
      1.1766842603683472,
      1.1776278018951416,
      1.1693423986434937,
      1.1658164262771606,
      1.1536701917648315,
      1.1477665901184082,
      1.143847942352295,
      1.1366872787475586,
      1.1327375173568726,
      1.1271247863769531,
      1.1158655881881714,
      1.1108360290527344,
      1.1069730520248413,
      1.0983693599700928,
      1.089410662651062,
      1.0802839994430542,
      1.08058500289917,
      1.073188066482544,
      1.0665396451950073,
      1.0580521821975708,
      1.0463650226593018,
      1.0434731245040894,
      1.0332971811294556,
      1.0299252271652222,
      1.019785761833191,
      1.0123720169067383,
      1.013524055480957,
      1.0036476850509644,
      0.990136444568634,
      0.9864392876625061,
      0.9799671769142151,
      0.9772154092788696,
      0.9692811369895935
    ],
    "train_acc": [
      11,
      24,
      27,
      29,
      31,
      33,
      35,
      37,
      38,
      39,
      39,
      40,
      41,
      41,
      42,
      42,
      43,
      43,
      44,
      44,
      45,
      45,
      45,
      46,
      46,
      47,
      47,
      47,
      48,
      48,
      48,
      48,
      49,
      49,
      49,
      50,
      49,
      51,
      50,
      50,
      51,
      51,
      51,
      52,
      52,
      52,
      53,
      53,
      53,
      54,
      54,
      54,
      54,
      55,
      55,
      55,
      55,
      55,
      56,
      56,
      56,
      56,
      57,
      57,
      57,
      58,
      58,
      58,
      58,
      58,
      59,
      59,
      59,
      59,
      59,
      60,
      60,
      60,
      60,
      61,
      61,
      61,
      62,
      62,
      61,
      62,
      62,
      63,
      63,
      63,
      63,
      63,
      63,
      64,
      64,
      64,
      65,
      65,
      65,
      65
    ],
    "test_loss": [
      2.2789430618286133,
      2.0023088455200195,
      1.9672014713287354,
      1.9464894533157349,
      1.8717491626739502,
      1.8165431022644043,
      1.7682369947433472,
      1.735662579536438,
      1.6961795091629028,
      1.6993104219436646,
      1.6760063171386719,
      1.6482815742492676,
      1.63755202293396,
      1.6227167844772339,
      1.6090131998062134,
      1.6180340051651,
      1.6053065061569214,
      1.5792975425720215,
      1.5857112407684326,
      1.568763017654419,
      1.5384491682052612,
      1.5490140914916992,
      1.5314198732376099,
      1.5264593362808228,
      1.5432627201080322,
      1.5018898248672485,
      1.5197408199310303,
      1.484005331993103,
      1.5000391006469727,
      1.4759539365768433,
      1.4673357009887695,
      1.4644562005996704,
      1.476344108581543,
      1.4710168838500977,
      1.4745279550552368,
      1.4632364511489868,
      1.4755228757858276,
      1.4502310752868652,
      1.4510743618011475,
      1.4303749799728394,
      1.4828251600265503,
      1.4326726198196411,
      1.4224857091903687,
      1.427376627922058,
      1.4221299886703491,
      1.4114264249801636,
      1.4052929878234863,
      1.4261326789855957,
      1.4344711303710938,
      1.4030250310897827,
      1.4176158905029297,
      1.395226240158081,
      1.3977670669555664,
      1.386622667312622,
      1.4014461040496826,
      1.3963935375213623,
      1.3857920169830322,
      1.3808753490447998,
      1.4113374948501587,
      1.4140733480453491,
      1.38361394405365,
      1.3951928615570068,
      1.3804267644882202,
      1.4101283550262451,
      1.4066309928894043,
      1.4061915874481201,
      1.4140013456344604,
      1.3777711391448975,
      1.3823051452636719,
      1.3912233114242554,
      1.3894093036651611,
      1.360194444656372,
      1.3693785667419434,
      1.408475399017334,
      1.3708817958831787,
      1.3767728805541992,
      1.3700228929519653,
      1.382059931755066,
      1.3750970363616943,
      1.4033812284469604,
      1.3909026384353638,
      1.412867546081543,
      1.448150396347046,
      1.395464539527893,
      1.3781895637512207,
      1.3901060819625854,
      1.3995287418365479,
      1.3942402601242065,
      1.3705382347106934,
      1.3663733005523682,
      1.381387710571289,
      1.407578945159912,
      1.418586254119873,
      1.4014087915420532,
      1.4074512720108032,
      1.401143193244934,
      1.396478533744812,
      1.43095862865448,
      1.401831865310669,
      1.3839980363845825
    ],
    "test_acc": [
      18,
      27,
      29,
      29,
      33,
      35,
      35,
      37,
      38,
      38,
      38,
      40,
      41,
      42,
      42,
      42,
      42,
      43,
      42,
      43,
      44,
      44,
      44,
      45,
      45,
      46,
      46,
      47,
      46,
      47,
      48,
      48,
      46,
      48,
      48,
      48,
      47,
      47,
      48,
      49,
      48,
      49,
      49,
      49,
      49,
      50,
      50,
      50,
      49,
      50,
      50,
      49,
      51,
      51,
      50,
      51,
      51,
      51,
      50,
      51,
      51,
      50,
      51,
      50,
      51,
      51,
      51,
      52,
      51,
      51,
      51,
      52,
      51,
      51,
      52,
      52,
      52,
      52,
      51,
      51,
      52,
      50,
      51,
      51,
      52,
      51,
      51,
      51,
      52,
      53,
      53,
      52,
      51,
      51,
      51,
      51,
      52,
      51,
      51,
      52
    ]
  }
}