{
  "config": {
    "run_name": "exp1_2_L2_K64",
    "out_dir": "./results",
    "seed": 1927257615,
    "bs_train": 32,
    "bs_test": 8,
    "batches": 100,
    "epochs": 100,
    "early_stopping": 3,
    "checkpoints": null,
    "lr": 1e-05,
    "reg": 0.001,
    "filters_per_layer": [
      64
    ],
    "layers_per_block": 2,
    "pool_every": 2,
    "hidden_dims": [
      256
    ],
    "ycn": false,
    "kw": {}
  },
  "results": {
    "num_epochs": 0,
    "train_loss": [
      2.1931869983673096,
      1.9521900415420532,
      1.8372634649276733,
      1.7684228420257568,
      1.7135369777679443,
      1.6749379634857178,
      1.641167163848877,
      1.6126229763031006,
      1.589142084121704,
      1.5683388710021973,
      1.546965479850769,
      1.5296634435653687,
      1.5134552717208862,
      1.4945281744003296,
      1.4799903631210327,
      1.4653903245925903,
      1.4533579349517822,
      1.4403464794158936,
      1.4274345636367798,
      1.4127037525177002,
      1.4016509056091309,
      1.390016794204712,
      1.3784754276275635,
      1.3664402961730957,
      1.3570277690887451,
      1.346432089805603,
      1.3340809345245361,
      1.3246580362319946,
      1.3133350610733032,
      1.3034754991531372,
      1.2930974960327148,
      1.2830334901809692,
      1.2742735147476196,
      1.264727234840393,
      1.2556698322296143,
      1.2447384595870972,
      1.235948920249939,
      1.2261953353881836,
      1.2185465097427368,
      1.2073277235031128,
      1.2014758586883545,
      1.1908049583435059,
      1.184554100036621,
      1.1767398118972778,
      1.1678557395935059,
      1.1589981317520142,
      1.1521596908569336,
      1.1427021026611328,
      1.1369439363479614,
      1.1279672384262085,
      1.1229407787322998,
      1.1142971515655518,
      1.10538649559021,
      1.0981136560440063,
      1.0903725624084473,
      1.0826025009155273,
      1.0777416229248047,
      1.0706239938735962,
      1.063631534576416,
      1.056221842765808,
      1.0489822626113892,
      1.044421672821045,
      1.0348306894302368,
      1.030566692352295,
      1.0218514204025269,
      1.0175836086273193,
      1.0100042819976807,
      1.0060228109359741,
      0.9981919527053833,
      0.992622971534729,
      0.985494077205658,
      0.9802075028419495,
      0.9758661389350891,
      0.9657661318778992,
      0.9626322984695435,
      0.9556078314781189,
      0.9505831599235535,
      0.9425207376480103,
      0.9383924603462219,
      0.9352520108222961,
      0.9280919432640076,
      0.9217184782028198,
      0.9134060740470886,
      0.912183403968811,
      0.9037967920303345,
      0.8987246751785278,
      0.8963210582733154,
      0.8889381289482117,
      0.8822086453437805,
      0.8783469796180725,
      0.8713194131851196,
      0.8662659525871277,
      0.8587231636047363,
      0.8574793338775635,
      0.8513840436935425,
      0.8451551795005798,
      0.8396399021148682,
      0.8349787592887878,
      0.8289202451705933,
      0.82645183801651
    ],
    "train_acc": [
      24,
      32,
      36,
      39,
      40,
      41,
      42,
      43,
      44,
      45,
      46,
      46,
      47,
      47,
      48,
      48,
      49,
      49,
      49,
      50,
      50,
      51,
      51,
      52,
      52,
      52,
      53,
      53,
      54,
      54,
      54,
      55,
      55,
      56,
      56,
      56,
      56,
      57,
      57,
      58,
      58,
      58,
      58,
      59,
      59,
      59,
      60,
      60,
      60,
      61,
      61,
      61,
      61,
      62,
      62,
      62,
      63,
      62,
      63,
      63,
      63,
      64,
      64,
      64,
      65,
      65,
      65,
      65,
      66,
      66,
      66,
      66,
      66,
      67,
      67,
      67,
      67,
      68,
      68,
      68,
      68,
      69,
      68,
      69,
      69,
      69,
      69,
      70,
      70,
      70,
      70,
      70,
      71,
      71,
      71,
      71,
      72,
      72,
      72,
      72
    ],
    "test_loss": [
      2.050615072250366,
      1.8855226039886475,
      1.8015716075897217,
      1.7521287202835083,
      1.7055758237838745,
      1.6780768632888794,
      1.648897647857666,
      1.6213018894195557,
      1.6110661029815674,
      1.5880109071731567,
      1.5685847997665405,
      1.5571225881576538,
      1.5410752296447754,
      1.5366686582565308,
      1.5255587100982666,
      1.506479024887085,
      1.5075243711471558,
      1.4847662448883057,
      1.4837476015090942,
      1.4731979370117188,
      1.4598833322525024,
      1.454229474067688,
      1.4488930702209473,
      1.4469590187072754,
      1.4299641847610474,
      1.4167454242706299,
      1.412010669708252,
      1.4023267030715942,
      1.3997958898544312,
      1.3915914297103882,
      1.400891900062561,
      1.3860622644424438,
      1.3713802099227905,
      1.3644832372665405,
      1.3661048412322998,
      1.3569618463516235,
      1.3494627475738525,
      1.3426520824432373,
      1.3452731370925903,
      1.3441996574401855,
      1.3313000202178955,
      1.334179401397705,
      1.3200262784957886,
      1.3103083372116089,
      1.3080796003341675,
      1.3082304000854492,
      1.3067820072174072,
      1.2988895177841187,
      1.2971949577331543,
      1.2897893190383911,
      1.2906030416488647,
      1.2831530570983887,
      1.2829034328460693,
      1.2864211797714233,
      1.2958705425262451,
      1.2725664377212524,
      1.2694061994552612,
      1.272645115852356,
      1.2634882926940918,
      1.2591553926467896,
      1.260200023651123,
      1.2599765062332153,
      1.257927656173706,
      1.2487162351608276,
      1.2475175857543945,
      1.2463843822479248,
      1.2437593936920166,
      1.2481201887130737,
      1.2377040386199951,
      1.2286311388015747,
      1.2429466247558594,
      1.2287243604660034,
      1.230478048324585,
      1.2184354066848755,
      1.2279108762741089,
      1.2255216836929321,
      1.2224599123001099,
      1.2297825813293457,
      1.2137998342514038,
      1.2153198719024658,
      1.2131978273391724,
      1.2125329971313477,
      1.216517448425293,
      1.2041950225830078,
      1.2022022008895874,
      1.2136881351470947,
      1.204622507095337,
      1.198103666305542,
      1.1979804039001465,
      1.2012916803359985,
      1.2009176015853882,
      1.199339747428894,
      1.2070282697677612,
      1.2196723222732544,
      1.1906757354736328,
      1.1888407468795776,
      1.209789752960205,
      1.2007821798324585,
      1.1922521591186523,
      1.1871031522750854
    ],
    "test_acc": [
      29,
      37,
      39,
      39,
      42,
      42,
      42,
      43,
      43,
      43,
      45,
      44,
      45,
      45,
      45,
      46,
      46,
      47,
      47,
      47,
      49,
      48,
      48,
      47,
      49,
      49,
      50,
      50,
      49,
      50,
      49,
      51,
      51,
      51,
      51,
      51,
      52,
      52,
      51,
      52,
      52,
      52,
      53,
      53,
      53,
      53,
      53,
      53,
      54,
      54,
      54,
      53,
      54,
      54,
      53,
      54,
      54,
      54,
      54,
      55,
      54,
      54,
      55,
      55,
      55,
      55,
      55,
      55,
      55,
      55,
      56,
      56,
      55,
      56,
      55,
      56,
      56,
      56,
      56,
      56,
      56,
      56,
      56,
      56,
      56,
      56,
      57,
      57,
      57,
      56,
      57,
      57,
      58,
      57,
      57,
      57,
      57,
      57,
      57,
      57
    ]
  }
}