{
  "config": {
    "run_name": "exp2_L3_K64-128-256-512",
    "out_dir": "./results",
    "seed": 897142175,
    "bs_train": 32,
    "bs_test": 8,
    "batches": 100,
    "epochs": 50,
    "early_stopping": 3,
    "checkpoints": null,
    "lr": 0.0001,
    "reg": 0.01,
    "filters_per_layer": [
      64,
      128,
      256,
      512
    ],
    "layers_per_block": 3,
    "pool_every": 3,
    "hidden_dims": [
      256
    ],
    "ycn": true,
    "kw": {}
  },
  "results": {
    "num_epochs": 0,
    "train_loss": [
      1.7840726375579834,
      1.459526777267456,
      1.2869367599487305,
      1.1552510261535645,
      1.057660460472107,
      0.9678211808204651,
      0.8901647329330444,
      0.8278282284736633,
      0.7810127139091492,
      0.7434553503990173,
      0.6960984468460083,
      0.6672670245170593,
      0.6338633894920349,
      0.6090934872627258,
      0.5801792740821838,
      0.5576693415641785,
      0.5437082052230835,
      0.519919216632843,
      0.4943866431713104,
      0.4867700934410095,
      0.4626159071922302,
      0.4517291486263275,
      0.4411531686782837,
      0.42282214760780334,
      0.4108786880970001,
      0.40395423769950867,
      0.39333486557006836,
      0.3802854120731354,
      0.37207716703414917,
      0.36738914251327515,
      0.35700783133506775,
      0.33450815081596375,
      0.33700069785118103,
      0.3269607722759247,
      0.3225899934768677,
      0.309752881526947,
      0.29978132247924805,
      0.30860891938209534,
      0.2937515079975128,
      0.29242268204689026,
      0.28345537185668945,
      0.28405481576919556,
      0.2664450407028198,
      0.2754758894443512,
      0.27148616313934326,
      0.2625581622123718,
      0.26127710938453674,
      0.253928005695343,
      0.2497895210981369,
      0.25346314907073975
    ],
    "train_acc": [
      32,
      46,
      53,
      57,
      62,
      65,
      68,
      71,
      72,
      74,
      76,
      76,
      78,
      79,
      80,
      80,
      81,
      82,
      83,
      83,
      84,
      84,
      85,
      85,
      86,
      86,
      86,
      87,
      87,
      87,
      88,
      88,
      88,
      88,
      89,
      89,
      90,
      89,
      90,
      90,
      90,
      90,
      91,
      90,
      90,
      91,
      91,
      91,
      91,
      91
    ],
    "test_loss": [
      2.6441943645477295,
      2.01686692237854,
      1.8223328590393066,
      1.5956727266311646,
      1.433569312095642,
      1.285640001296997,
      1.2917512655258179,
      1.0545145273208618,
      1.0751489400863647,
      1.0425806045532227,
      0.9179528951644897,
      0.972687304019928,
      0.8642339706420898,
      0.8546274900436401,
      0.8221549987792969,
      0.7561726570129395,
      0.8416306972503662,
      0.7140995264053345,
      0.7989078164100647,
      0.714266836643219,
      0.6207368969917297,
      0.6795130372047424,
      0.6671623587608337,
      0.6895308494567871,
      0.7148956656455994,
      0.7136595249176025,
      0.6476919054985046,
      0.6505864262580872,
      0.6106717586517334,
      0.7312914133071899,
      0.6646995544433594,
      0.674289882183075,
      0.7611104249954224,
      0.7031450271606445,
      0.6895520091056824,
      0.6728177666664124,
      0.6727343201637268,
      0.5890500545501709,
      0.6755409240722656,
      0.6314974427223206,
      0.5715304613113403,
      0.6033016443252563,
      0.6238805055618286,
      0.6829642057418823,
      0.6464437246322632,
      0.6053109765052795,
      0.5934997797012329,
      0.6208710670471191,
      0.6088529825210571,
      0.6369289755821228
    ],
    "test_acc": [
      13,
      32,
      37,
      46,
      46,
      55,
      55,
      63,
      63,
      64,
      68,
      67,
      69,
      70,
      71,
      75,
      71,
      75,
      72,
      77,
      80,
      76,
      78,
      77,
      75,
      76,
      78,
      77,
      80,
      75,
      77,
      78,
      74,
      76,
      77,
      77,
      77,
      80,
      77,
      78,
      80,
      80,
      79,
      78,
      79,
      80,
      80,
      79,
      80,
      79
    ]
  }
}