{
  "config": {
    "run_name": "exp2_L4_K64-128-256-512",
    "out_dir": "./results",
    "seed": 2051356440,
    "bs_train": 32,
    "bs_test": 8,
    "batches": 100,
    "epochs": 50,
    "early_stopping": 3,
    "checkpoints": null,
    "lr": 0.0001,
    "reg": 0.01,
    "filters_per_layer": [
      64,
      128,
      256,
      512
    ],
    "layers_per_block": 4,
    "pool_every": 4,
    "hidden_dims": [
      256
    ],
    "ycn": true,
    "kw": {}
  },
  "results": {
    "num_epochs": 0,
    "train_loss": [
      1.9078052043914795,
      1.5602192878723145,
      1.4165414571762085,
      1.298058032989502,
      1.1913784742355347,
      1.102041244506836,
      1.0190448760986328,
      0.9656979441642761,
      0.9161430597305298,
      0.868007481098175,
      0.8358877897262573,
      0.7883575558662415,
      0.7659510970115662,
      0.7374459505081177,
      0.7139934301376343,
      0.6827465891838074,
      0.6625179648399353,
      0.6412522196769714,
      0.6175929307937622,
      0.605678141117096,
      0.5926182270050049,
      0.5740712881088257,
      0.5522103309631348,
      0.5331931710243225,
      0.5322298407554626,
      0.5123417377471924,
      0.5141306519508362,
      0.4988504648208618,
      0.48587116599082947,
      0.46711722016334534,
      0.4667949080467224,
      0.45492908358573914,
      0.44603148102760315,
      0.4431816637516022,
      0.42661091685295105,
      0.4262736737728119,
      0.4195058345794678,
      0.41225624084472656,
      0.39378324151039124,
      0.40104940533638,
      0.38986775279045105,
      0.3837125301361084,
      0.3724936544895172,
      0.378790020942688,
      0.3636401891708374,
      0.3696269094944,
      0.3543029725551605,
      0.36175307631492615,
      0.347525030374527,
      0.3404292166233063
    ],
    "train_acc": [
      27,
      42,
      48,
      53,
      57,
      61,
      64,
      66,
      67,
      70,
      71,
      73,
      73,
      74,
      76,
      76,
      77,
      78,
      79,
      79,
      80,
      80,
      81,
      82,
      82,
      83,
      82,
      83,
      83,
      84,
      84,
      84,
      85,
      85,
      85,
      86,
      86,
      86,
      87,
      86,
      87,
      87,
      87,
      87,
      88,
      88,
      88,
      88,
      88,
      88
    ],
    "test_loss": [
      3.467714548110962,
      3.059328317642212,
      2.2323837280273438,
      2.027954339981079,
      1.6958458423614502,
      1.662827491760254,
      1.4854192733764648,
      1.4502211809158325,
      1.3552310466766357,
      1.1109780073165894,
      1.179125189781189,
      1.0065761804580688,
      1.0215387344360352,
      1.0200001001358032,
      0.9370073676109314,
      0.955838143825531,
      0.9480457305908203,
      0.9005761742591858,
      0.8396041393280029,
      0.9364049434661865,
      0.7597017884254456,
      0.9799356460571289,
      0.7070168256759644,
      0.8352007269859314,
      0.710504412651062,
      0.7432428598403931,
      0.70103520154953,
      0.7136945128440857,
      0.7036316394805908,
      0.6512634754180908,
      0.8349059820175171,
      0.6806467771530151,
      0.6822363138198853,
      0.7795233726501465,
      0.678315281867981,
      0.843498706817627,
      0.6942219138145447,
      0.7432560920715332,
      0.7351100444793701,
      0.6571534872055054,
      0.6308448314666748,
      0.7500938773155212,
      0.6180472373962402,
      0.6503624320030212,
      0.7267065644264221,
      0.5971686840057373,
      0.6166491508483887,
      0.7603642344474792,
      0.6155224442481995,
      0.6030494570732117
    ],
    "test_acc": [
      13,
      16,
      24,
      33,
      42,
      43,
      47,
      50,
      54,
      62,
      59,
      65,
      65,
      66,
      68,
      66,
      68,
      70,
      71,
      69,
      74,
      68,
      76,
      72,
      76,
      75,
      76,
      76,
      77,
      78,
      71,
      77,
      77,
      74,
      77,
      72,
      77,
      75,
      75,
      79,
      79,
      76,
      80,
      78,
      76,
      80,
      79,
      75,
      79,
      81
    ]
  }
}