{
  "config": {
    "run_name": "exp2_L1_K64-128-256-512",
    "out_dir": "./results",
    "seed": 1527064154,
    "bs_train": 32,
    "bs_test": 8,
    "batches": 100,
    "epochs": 50,
    "early_stopping": 3,
    "checkpoints": null,
    "lr": 0.0001,
    "reg": 0.01,
    "filters_per_layer": [
      64,
      128,
      256,
      512
    ],
    "layers_per_block": 1,
    "pool_every": 1,
    "hidden_dims": [
      256
    ],
    "ycn": true,
    "kw": {}
  },
  "results": {
    "num_epochs": 0,
    "train_loss": [
      1.5211608409881592,
      1.1603127717971802,
      1.0091396570205688,
      0.9093306660652161,
      0.8375261425971985,
      0.7709003686904907,
      0.7256830930709839,
      0.6824734807014465,
      0.6401587128639221,
      0.6085587739944458,
      0.5759122371673584,
      0.5382078886032104,
      0.5123050212860107,
      0.4905167818069458,
      0.47028884291648865,
      0.4392176568508148,
      0.41950735449790955,
      0.4039281904697418,
      0.3870331943035126,
      0.36219099164009094,
      0.35132065415382385,
      0.3359924256801605,
      0.31549087166786194,
      0.30698442459106445,
      0.29363813996315,
      0.28361475467681885,
      0.26726046204566956,
      0.26105597615242004,
      0.2444649636745453,
      0.24024532735347748,
      0.2358132302761078,
      0.22772616147994995,
      0.219544917345047,
      0.22062736749649048,
      0.207721546292305,
      0.19866661727428436,
      0.1988694965839386,
      0.19779157638549805,
      0.18920357525348663,
      0.1796405166387558,
      0.1825602799654007,
      0.18363139033317566,
      0.16877645254135132,
      0.16973614692687988,
      0.16849221289157867,
      0.15908275544643402,
      0.16289792954921722,
      0.15486493706703186,
      0.15735214948654175,
      0.15328660607337952
    ],
    "train_acc": [
      44,
      58,
      64,
      68,
      70,
      73,
      75,
      76,
      78,
      79,
      80,
      82,
      82,
      83,
      84,
      85,
      86,
      86,
      87,
      88,
      88,
      89,
      90,
      90,
      90,
      91,
      91,
      92,
      92,
      92,
      92,
      93,
      93,
      93,
      94,
      94,
      94,
      94,
      94,
      95,
      94,
      94,
      95,
      95,
      95,
      95,
      95,
      95,
      95,
      96
    ],
    "test_loss": [
      1.6663048267364502,
      1.5437231063842773,
      1.4149045944213867,
      1.312003493309021,
      1.085200548171997,
      1.1472241878509521,
      1.188366174697876,
      1.0640819072723389,
      1.0355918407440186,
      1.0454264879226685,
      1.0484946966171265,
      1.0803836584091187,
      1.0218526124954224,
      1.1064039468765259,
      0.8807547092437744,
      0.9076992869377136,
      1.0659770965576172,
      0.9997801184654236,
      0.8922205567359924,
      0.8471759557723999,
      0.9595533013343811,
      0.9225979447364807,
      0.8964285254478455,
      0.7665664553642273,
      0.9237207770347595,
      0.8297246694564819,
      0.9542657136917114,
      0.816379964351654,
      0.8759660720825195,
      0.8420057892799377,
      0.8106778860092163,
      0.793424129486084,
      0.8497011661529541,
      0.8306268453598022,
      0.8420946598052979,
      0.8765473365783691,
      0.7315565347671509,
      0.8210986852645874,
      0.7710315585136414,
      0.7321634292602539,
      0.8760271668434143,
      0.9178690314292908,
      0.8497394919395447,
      0.8444315791130066,
      0.7657005786895752,
      0.7298483848571777,
      0.7910452485084534,
      0.7252424955368042,
      0.8480257987976074,
      0.7963558435440063
    ],
    "test_acc": [
      38,
      42,
      49,
      51,
      63,
      58,
      57,
      63,
      64,
      63,
      63,
      60,
      63,
      60,
      71,
      67,
      62,
      64,
      69,
      71,
      66,
      68,
      69,
      74,
      67,
      71,
      66,
      72,
      70,
      70,
      72,
      72,
      71,
      72,
      71,
      70,
      75,
      72,
      74,
      75,
      70,
      68,
      71,
      72,
      73,
      74,
      73,
      75,
      70,
      72
    ]
  }
}