{
  "config": {
    "run_name": "exp2_L2_K64-128-256-512",
    "out_dir": "./results",
    "seed": 1276783870,
    "bs_train": 32,
    "bs_test": 8,
    "batches": 100,
    "epochs": 50,
    "early_stopping": 3,
    "checkpoints": null,
    "lr": 0.0001,
    "reg": 0.01,
    "filters_per_layer": [
      64,
      128,
      256,
      512
    ],
    "layers_per_block": 2,
    "pool_every": 2,
    "hidden_dims": [
      256
    ],
    "ycn": true,
    "kw": {}
  },
  "results": {
    "num_epochs": 0,
    "train_loss": [
      1.6487630605697632,
      1.2965099811553955,
      1.125216007232666,
      0.9940811395645142,
      0.9026864767074585,
      0.8234028816223145,
      0.7589606046676636,
      0.7022008895874023,
      0.6499319672584534,
      0.6131253838539124,
      0.5793960690498352,
      0.5324668884277344,
      0.5179553627967834,
      0.4778189957141876,
      0.4554234743118286,
      0.44132357835769653,
      0.4126480221748352,
      0.39405131340026855,
      0.3847143352031708,
      0.37002190947532654,
      0.34252792596817017,
      0.33681631088256836,
      0.32005420327186584,
      0.30126821994781494,
      0.2963272035121918,
      0.2881917655467987,
      0.27596861124038696,
      0.26378747820854187,
      0.25754857063293457,
      0.2540604770183563,
      0.24158045649528503,
      0.2335624247789383,
      0.232028529047966,
      0.21722282469272614,
      0.22071117162704468,
      0.21040770411491394,
      0.21044281125068665,
      0.20158493518829346,
      0.19793179631233215,
      0.1954129934310913,
      0.1914757639169693,
      0.19176006317138672,
      0.17940407991409302,
      0.18022583425045013,
      0.17917926609516144,
      0.17146925628185272,
      0.17782868444919586,
      0.1655261069536209,
      0.1661934107542038,
      0.1743691861629486
    ],
    "train_acc": [
      39,
      52,
      59,
      64,
      68,
      71,
      73,
      75,
      77,
      78,
      80,
      81,
      82,
      83,
      84,
      84,
      86,
      86,
      87,
      87,
      88,
      88,
      89,
      89,
      90,
      90,
      90,
      91,
      91,
      91,
      92,
      92,
      92,
      92,
      92,
      93,
      93,
      93,
      93,
      93,
      93,
      93,
      94,
      94,
      94,
      94,
      94,
      94,
      94,
      94
    ],
    "test_loss": [
      2.671550989151001,
      2.113182306289673,
      1.5472832918167114,
      1.7326643466949463,
      1.2546051740646362,
      1.134873628616333,
      1.0121170282363892,
      1.0142230987548828,
      1.149661898612976,
      1.005677580833435,
      0.936435878276825,
      1.0299586057662964,
      0.9631601572036743,
      0.9389183521270752,
      0.7946338653564453,
      1.041907787322998,
      0.8034851551055908,
      0.7884239554405212,
      0.9441407918930054,
      0.6767750382423401,
      0.6706960797309875,
      0.7735857367515564,
      0.7468553185462952,
      0.7130223512649536,
      0.6639885902404785,
      0.6643983125686646,
      0.6873050928115845,
      0.781848132610321,
      0.6949743032455444,
      0.6220847368240356,
      0.726570725440979,
      0.6490498185157776,
      0.6282030344009399,
      0.8016424775123596,
      0.6788727641105652,
      0.6976365447044373,
      0.6437901258468628,
      0.7504482865333557,
      0.721786379814148,
      0.7289152145385742,
      0.6130086183547974,
      0.7733752131462097,
      0.6371262669563293,
      0.5984581112861633,
      0.752633273601532,
      0.6369607448577881,
      0.6454309225082397,
      0.6451443433761597,
      0.6087445616722107,
      0.6986088752746582
    ],
    "test_acc": [
      13,
      31,
      47,
      40,
      55,
      61,
      64,
      65,
      60,
      65,
      67,
      63,
      68,
      67,
      73,
      64,
      73,
      72,
      68,
      77,
      77,
      73,
      75,
      76,
      78,
      77,
      77,
      74,
      76,
      78,
      75,
      78,
      79,
      73,
      77,
      76,
      79,
      75,
      76,
      75,
      80,
      74,
      78,
      80,
      75,
      78,
      79,
      78,
      80,
      77
    ]
  }
}